dataset,split,path,filename,stem,laterality,laterality_conf,laterality_source,group_id,needs_review,label
idrid,all,/kaggle/input/datasets/deepapaneru/multimodal-dr-datasets/Imagenes/Imagenes/IDRiD_179.jpg,IDRiD_179.jpg,IDRiD_179,right,1.0,estimated_disc_position,idrid_IDRiD_179,False,
idrid,all,/kaggle/input/datasets/deepapaneru/multimodal-dr-datasets/Imagenes/Imagenes/IDRiD_193.jpg,IDRiD_193.jpg,IDRiD_193,right,1.0,estimated_disc_position,idrid_IDRiD_193,False,
idrid,all,/kaggle/input/datasets/deepapaneru/multimodal-dr-datasets/Imagenes/Imagenes/IDRiD_316.jpg,IDRiD_316.jpg,IDRiD_316,right,0.87,estimated_disc_position,idrid_IDRiD_316,False,
idrid,all,/kaggle/input/datasets/deepapaneru/multimodal-dr-datasets/Imagenes/Imagenes/IDRiD_407.jpg,IDRiD_407.jpg,IDRiD_407,right,1.0,estimated_disc_position,idrid_IDRiD_407,False,
idrid,all,/kaggle/input/datasets/deepapaneru/multimodal-dr-datasets/Imagenes/Imagenes/IDRiD_335.jpg,IDRiD_335.jpg,IDRiD_335,right,1.0,estimated_disc_position,idrid_IDRiD_335,False,
idrid,all,/kaggle/input/datasets/deepapaneru/multimodal-dr-datasets/Imagenes/Imagenes/IDRiD_329.jpg,IDRiD_329.jpg,IDRiD_329,left,1.0,estimated_disc_position,idrid_IDRiD_329,False,
idrid,all,/kaggle/input/datasets/deepapaneru/multimodal-dr-datasets/Imagenes/Imagenes/IDRiD_075.jpg,IDRiD_075.jpg,IDRiD_075,left,1.0,estimated_disc_position,idrid_IDRiD_075,False,
idrid,all,/kaggle/input/datasets/deepapaneru/multimodal-dr-datasets/Imagenes/Imagenes/IDRiD_054.jpg,IDRiD_054.jpg,IDRiD_054,left,1.0,estimated_disc_position,idrid_IDRiD_054,False,
idrid,all,/kaggle/input/datasets/deepapaneru/multimodal-dr-datasets/Imagenes/Imagenes/IDRiD_239.jpg,IDRiD_239.jpg,IDRiD_239,right,0.89,estimated_disc_position,idrid_IDRiD_239,False,
idrid,all,/kaggle/input/datasets/deepapaneru/multimodal-dr-datasets/Imagenes/Imagenes/IDRiD_243.jpg,IDRiD_243.jpg,IDRiD_243,left,1.0,estimated_disc_position,idrid_IDRiD_243,False,
idrid,all,/kaggle/input/datasets/deepapaneru/multimodal-dr-datasets/Imagenes/Imagenes/IDRiD_010test.jpg,IDRiD_010test.jpg,IDRiD_010test,right,0.95,estimated_disc_position,idrid_IDRiD_010test,False,
idrid,all,/kaggle/input/datasets/deepapaneru/multimodal-dr-datasets/Imagenes/Imagenes/IDRiD_065test.jpg,IDRiD_065test.jpg,IDRiD_065test,right,0.74,estimated_disc_position,idrid_IDRiD_065test,False,
idrid,all,/kaggle/input/datasets/deepapaneru/multimodal-dr-datasets/Imagenes/Imagenes/IDRiD_042.jpg,IDRiD_042.jpg,IDRiD_042,right,0.38,estimated_disc_position,idrid_IDRiD_042,False,
idrid,all,/kaggle/input/datasets/deepapaneru/multimodal-dr-datasets/Imagenes/Imagenes/IDRiD_021test.jpg,IDRiD_021test.jpg,IDRiD_021test,left,1.0,estimated_disc_position,idrid_IDRiD_021test,False,
idrid,all,/kaggle/input/datasets/deepapaneru/multimodal-dr-datasets/Imagenes/Imagenes/IDRiD_297.jpg,IDRiD_297.jpg,IDRiD_297,left,0.93,estimated_disc_position,idrid_IDRiD_297,False,
idrid,all,/kaggle/input/datasets/deepapaneru/multimodal-dr-datasets/Imagenes/Imagenes/IDRiD_383.jpg,IDRiD_383.jpg,IDRiD_383,left,1.0,estimated_disc_position,idrid_IDRiD_383,False,
idrid,all,/kaggle/input/datasets/deepapaneru/multimodal-dr-datasets/Imagenes/Imagenes/IDRiD_299.jpg,IDRiD_299.jpg,IDRiD_299,left,1.0,estimated_disc_position,idrid_IDRiD_299,False,
idrid,all,/kaggle/input/datasets/deepapaneru/multimodal-dr-datasets/Imagenes/Imagenes/IDRiD_181.jpg,IDRiD_181.jpg,IDRiD_181,left,1.0,estimated_disc_position,idrid_IDRiD_181,False,
idrid,all,/kaggle/input/datasets/deepapaneru/multimodal-dr-datasets/Imagenes/Imagenes/IDRiD_323.jpg,IDRiD_323.jpg,IDRiD_323,right,0.93,estimated_disc_position,idrid_IDRiD_323,False,
idrid,all,/kaggle/input/datasets/deepapaneru/multimodal-dr-datasets/Imagenes/Imagenes/IDRiD_242.jpg,IDRiD_242.jpg,IDRiD_242,right,1.0,estimated_disc_position,idrid_IDRiD_242,False,
idrid,all,/kaggle/input/datasets/deepapaneru/multimodal-dr-datasets/Imagenes/Imagenes/IDRiD_251.jpg,IDRiD_251.jpg,IDRiD_251,left,1.0,estimated_disc_position,idrid_IDRiD_251,False,
idrid,all,/kaggle/input/datasets/deepapaneru/multimodal-dr-datasets/Imagenes/Imagenes/IDRiD_401.jpg,IDRiD_401.jpg,IDRiD_401,left,1.0,estimated_disc_position,idrid_IDRiD_401,False,
idrid,all,/kaggle/input/datasets/deepapaneru/multimodal-dr-datasets/Imagenes/Imagenes/IDRiD_390.jpg,IDRiD_390.jpg,IDRiD_390,right,0.56,estimated_disc_position,idrid_IDRiD_390,False,
idrid,all,/kaggle/input/datasets/deepapaneru/multimodal-dr-datasets/Imagenes/Imagenes/IDRiD_378.jpg,IDRiD_378.jpg,IDRiD_378,right,0.89,estimated_disc_position,idrid_IDRiD_378,False,
idrid,all,/kaggle/input/datasets/deepapaneru/multimodal-dr-datasets/Imagenes/Imagenes/IDRiD_398.jpg,IDRiD_398.jpg,IDRiD_398,left,1.0,estimated_disc_position,idrid_IDRiD_398,False,
idrid,all,/kaggle/input/datasets/deepapaneru/multimodal-dr-datasets/Imagenes/Imagenes/IDRiD_059.jpg,IDRiD_059.jpg,IDRiD_059,right,1.0,estimated_disc_position,idrid_IDRiD_059,False,
idrid,all,/kaggle/input/datasets/deepapaneru/multimodal-dr-datasets/Imagenes/Imagenes/IDRiD_280.jpg,IDRiD_280.jpg,IDRiD_280,right,1.0,estimated_disc_position,idrid_IDRiD_280,False,
idrid,all,/kaggle/input/datasets/deepapaneru/multimodal-dr-datasets/Imagenes/Imagenes/IDRiD_073.jpg,IDRiD_073.jpg,IDRiD_073,left,1.0,estimated_disc_position,idrid_IDRiD_073,False,
idrid,all,/kaggle/input/datasets/deepapaneru/multimodal-dr-datasets/Imagenes/Imagenes/IDRiD_049.jpg,IDRiD_049.jpg,IDRiD_049,right,1.0,estimated_disc_position,idrid_IDRiD_049,False,
idrid,all,/kaggle/input/datasets/deepapaneru/multimodal-dr-datasets/Imagenes/Imagenes/IDRiD_212.jpg,IDRiD_212.jpg,IDRiD_212,right,0.93,estimated_disc_position,idrid_IDRiD_212,False,
idrid,all,/kaggle/input/datasets/deepapaneru/multimodal-dr-datasets/Imagenes/Imagenes/IDRiD_094.jpg,IDRiD_094.jpg,IDRiD_094,right,1.0,estimated_disc_position,idrid_IDRiD_094,False,
idrid,all,/kaggle/input/datasets/deepapaneru/multimodal-dr-datasets/Imagenes/Imagenes/IDRiD_121.jpg,IDRiD_121.jpg,IDRiD_121,left,1.0,estimated_disc_position,idrid_IDRiD_121,False,
idrid,all,/kaggle/input/datasets/deepapaneru/multimodal-dr-datasets/Imagenes/Imagenes/IDRiD_012.jpg,IDRiD_012.jpg,IDRiD_012,left,1.0,estimated_disc_position,idrid_IDRiD_012,False,
idrid,all,/kaggle/input/datasets/deepapaneru/multimodal-dr-datasets/Imagenes/Imagenes/IDRiD_368.jpg,IDRiD_368.jpg,IDRiD_368,right,1.0,estimated_disc_position,idrid_IDRiD_368,False,
idrid,all,/kaggle/input/datasets/deepapaneru/multimodal-dr-datasets/Imagenes/Imagenes/IDRiD_367.jpg,IDRiD_367.jpg,IDRiD_367,left,1.0,estimated_disc_position,idrid_IDRiD_367,False,
idrid,all,/kaggle/input/datasets/deepapaneru/multimodal-dr-datasets/Imagenes/Imagenes/IDRiD_088test.jpg,IDRiD_088test.jpg,IDRiD_088test,right,0.83,estimated_disc_position,idrid_IDRiD_088test,False,
idrid,all,/kaggle/input/datasets/deepapaneru/multimodal-dr-datasets/Imagenes/Imagenes/IDRiD_099.jpg,IDRiD_099.jpg,IDRiD_099,right,1.0,estimated_disc_position,idrid_IDRiD_099,False,
idrid,all,/kaggle/input/datasets/deepapaneru/multimodal-dr-datasets/Imagenes/Imagenes/IDRiD_314.jpg,IDRiD_314.jpg,IDRiD_314,left,1.0,estimated_disc_position,idrid_IDRiD_314,False,
idrid,all,/kaggle/input/datasets/deepapaneru/multimodal-dr-datasets/Imagenes/Imagenes/IDRiD_027.jpg,IDRiD_027.jpg,IDRiD_027,right,1.0,estimated_disc_position,idrid_IDRiD_027,False,
idrid,all,/kaggle/input/datasets/deepapaneru/multimodal-dr-datasets/Imagenes/Imagenes/IDRiD_083test.jpg,IDRiD_083test.jpg,IDRiD_083test,right,0.87,estimated_disc_position,idrid_IDRiD_083test,False,
idrid,all,/kaggle/input/datasets/deepapaneru/multimodal-dr-datasets/Imagenes/Imagenes/IDRiD_384.jpg,IDRiD_384.jpg,IDRiD_384,right,1.0,estimated_disc_position,idrid_IDRiD_384,False,
idrid,all,/kaggle/input/datasets/deepapaneru/multimodal-dr-datasets/Imagenes/Imagenes/IDRiD_274.jpg,IDRiD_274.jpg,IDRiD_274,right,0.76,estimated_disc_position,idrid_IDRiD_274,False,
idrid,all,/kaggle/input/datasets/deepapaneru/multimodal-dr-datasets/Imagenes/Imagenes/IDRiD_339.jpg,IDRiD_339.jpg,IDRiD_339,left,1.0,estimated_disc_position,idrid_IDRiD_339,False,
idrid,all,/kaggle/input/datasets/deepapaneru/multimodal-dr-datasets/Imagenes/Imagenes/IDRiD_409.jpg,IDRiD_409.jpg,IDRiD_409,right,0.99,estimated_disc_position,idrid_IDRiD_409,False,
idrid,all,/kaggle/input/datasets/deepapaneru/multimodal-dr-datasets/Imagenes/Imagenes/IDRiD_322.jpg,IDRiD_322.jpg,IDRiD_322,right,1.0,estimated_disc_position,idrid_IDRiD_322,False,
idrid,all,/kaggle/input/datasets/deepapaneru/multimodal-dr-datasets/Imagenes/Imagenes/IDRiD_009.jpg,IDRiD_009.jpg,IDRiD_009,right,1.0,estimated_disc_position,idrid_IDRiD_009,False,
idrid,all,/kaggle/input/datasets/deepapaneru/multimodal-dr-datasets/Imagenes/Imagenes/IDRiD_319.jpg,IDRiD_319.jpg,IDRiD_319,right,1.0,estimated_disc_position,idrid_IDRiD_319,False,
idrid,all,/kaggle/input/datasets/deepapaneru/multimodal-dr-datasets/Imagenes/Imagenes/IDRiD_285.jpg,IDRiD_285.jpg,IDRiD_285,right,0.95,estimated_disc_position,idrid_IDRiD_285,False,
idrid,all,/kaggle/input/datasets/deepapaneru/multimodal-dr-datasets/Imagenes/Imagenes/IDRiD_233.jpg,IDRiD_233.jpg,IDRiD_233,left,0.91,estimated_disc_position,idrid_IDRiD_233,False,
idrid,all,/kaggle/input/datasets/deepapaneru/multimodal-dr-datasets/Imagenes/Imagenes/IDRiD_350.jpg,IDRiD_350.jpg,IDRiD_350,right,1.0,estimated_disc_position,idrid_IDRiD_350,False,
idrid,all,/kaggle/input/datasets/deepapaneru/multimodal-dr-datasets/Imagenes/Imagenes/IDRiD_296.jpg,IDRiD_296.jpg,IDRiD_296,uncertain,0.15,estimated_disc_position,idrid_IDRiD_296,True,
idrid,all,/kaggle/input/datasets/deepapaneru/multimodal-dr-datasets/Imagenes/Imagenes/IDRiD_254.jpg,IDRiD_254.jpg,IDRiD_254,right,1.0,estimated_disc_position,idrid_IDRiD_254,False,
idrid,all,/kaggle/input/datasets/deepapaneru/multimodal-dr-datasets/Imagenes/Imagenes/IDRiD_387.jpg,IDRiD_387.jpg,IDRiD_387,left,1.0,estimated_disc_position,idrid_IDRiD_387,False,
idrid,all,/kaggle/input/datasets/deepapaneru/multimodal-dr-datasets/Imagenes/Imagenes/IDRiD_167.jpg,IDRiD_167.jpg,IDRiD_167,right,1.0,estimated_disc_position,idrid_IDRiD_167,False,
idrid,all,/kaggle/input/datasets/deepapaneru/multimodal-dr-datasets/Imagenes/Imagenes/IDRiD_032test.jpg,IDRiD_032test.jpg,IDRiD_032test,right,1.0,estimated_disc_position,idrid_IDRiD_032test,False,
idrid,all,/kaggle/input/datasets/deepapaneru/multimodal-dr-datasets/Imagenes/Imagenes/IDRiD_039.jpg,IDRiD_039.jpg,IDRiD_039,right,1.0,estimated_disc_position,idrid_IDRiD_039,False,
idrid,all,/kaggle/input/datasets/deepapaneru/multimodal-dr-datasets/Imagenes/Imagenes/IDRiD_022test.jpg,IDRiD_022test.jpg,IDRiD_022test,right,1.0,estimated_disc_position,idrid_IDRiD_022test,False,
idrid,all,/kaggle/input/datasets/deepapaneru/multimodal-dr-datasets/Imagenes/Imagenes/IDRiD_347.jpg,IDRiD_347.jpg,IDRiD_347,uncertain,0.15,estimated_disc_position,idrid_IDRiD_347,True,
idrid,all,/kaggle/input/datasets/deepapaneru/multimodal-dr-datasets/Imagenes/Imagenes/IDRiD_073test.jpg,IDRiD_073test.jpg,IDRiD_073test,left,1.0,estimated_disc_position,idrid_IDRiD_073test,False,
idrid,all,/kaggle/input/datasets/deepapaneru/multimodal-dr-datasets/Imagenes/Imagenes/IDRiD_013test.jpg,IDRiD_013test.jpg,IDRiD_013test,left,1.0,estimated_disc_position,idrid_IDRiD_013test,False,
idrid,all,/kaggle/input/datasets/deepapaneru/multimodal-dr-datasets/Imagenes/Imagenes/IDRiD_033test.jpg,IDRiD_033test.jpg,IDRiD_033test,uncertain,0.23,estimated_disc_position,idrid_IDRiD_033test,True,
idrid,all,/kaggle/input/datasets/deepapaneru/multimodal-dr-datasets/Imagenes/Imagenes/IDRiD_377.jpg,IDRiD_377.jpg,IDRiD_377,left,1.0,estimated_disc_position,idrid_IDRiD_377,False,
idrid,all,/kaggle/input/datasets/deepapaneru/multimodal-dr-datasets/Imagenes/Imagenes/IDRiD_034test.jpg,IDRiD_034test.jpg,IDRiD_034test,left,1.0,estimated_disc_position,idrid_IDRiD_034test,False,
idrid,all,/kaggle/input/datasets/deepapaneru/multimodal-dr-datasets/Imagenes/Imagenes/IDRiD_085.jpg,IDRiD_085.jpg,IDRiD_085,right,1.0,estimated_disc_position,idrid_IDRiD_085,False,
idrid,all,/kaggle/input/datasets/deepapaneru/multimodal-dr-datasets/Imagenes/Imagenes/IDRiD_217.jpg,IDRiD_217.jpg,IDRiD_217,right,1.0,estimated_disc_position,idrid_IDRiD_217,False,
idrid,all,/kaggle/input/datasets/deepapaneru/multimodal-dr-datasets/Imagenes/Imagenes/IDRiD_369.jpg,IDRiD_369.jpg,IDRiD_369,left,1.0,estimated_disc_position,idrid_IDRiD_369,False,
idrid,all,/kaggle/input/datasets/deepapaneru/multimodal-dr-datasets/Imagenes/Imagenes/IDRiD_405.jpg,IDRiD_405.jpg,IDRiD_405,left,0.97,estimated_disc_position,idrid_IDRiD_405,False,
idrid,all,/kaggle/input/datasets/deepapaneru/multimodal-dr-datasets/Imagenes/Imagenes/IDRiD_293.jpg,IDRiD_293.jpg,IDRiD_293,right,0.95,estimated_disc_position,idrid_IDRiD_293,False,
idrid,all,/kaggle/input/datasets/deepapaneru/multimodal-dr-datasets/Imagenes/Imagenes/IDRiD_048test.jpg,IDRiD_048test.jpg,IDRiD_048test,left,1.0,estimated_disc_position,idrid_IDRiD_048test,False,
idrid,all,/kaggle/input/datasets/deepapaneru/multimodal-dr-datasets/Imagenes/Imagenes/IDRiD_007.jpg,IDRiD_007.jpg,IDRiD_007,right,1.0,estimated_disc_position,idrid_IDRiD_007,False,
idrid,all,/kaggle/input/datasets/deepapaneru/multimodal-dr-datasets/Imagenes/Imagenes/IDRiD_078.jpg,IDRiD_078.jpg,IDRiD_078,right,1.0,estimated_disc_position,idrid_IDRiD_078,False,
idrid,all,/kaggle/input/datasets/deepapaneru/multimodal-dr-datasets/Imagenes/Imagenes/IDRiD_071.jpg,IDRiD_071.jpg,IDRiD_071,right,0.89,estimated_disc_position,idrid_IDRiD_071,False,
idrid,all,/kaggle/input/datasets/deepapaneru/multimodal-dr-datasets/Imagenes/Imagenes/IDRiD_069test.jpg,IDRiD_069test.jpg,IDRiD_069test,left,1.0,estimated_disc_position,idrid_IDRiD_069test,False,
idrid,all,/kaggle/input/datasets/deepapaneru/multimodal-dr-datasets/Imagenes/Imagenes/IDRiD_031test.jpg,IDRiD_031test.jpg,IDRiD_031test,left,1.0,estimated_disc_position,idrid_IDRiD_031test,False,
idrid,all,/kaggle/input/datasets/deepapaneru/multimodal-dr-datasets/Imagenes/Imagenes/IDRiD_184.jpg,IDRiD_184.jpg,IDRiD_184,right,1.0,estimated_disc_position,idrid_IDRiD_184,False,
idrid,all,/kaggle/input/datasets/deepapaneru/multimodal-dr-datasets/Imagenes/Imagenes/IDRiD_123.jpg,IDRiD_123.jpg,IDRiD_123,left,1.0,estimated_disc_position,idrid_IDRiD_123,False,
idrid,all,/kaggle/input/datasets/deepapaneru/multimodal-dr-datasets/Imagenes/Imagenes/IDRiD_276.jpg,IDRiD_276.jpg,IDRiD_276,right,0.89,estimated_disc_position,idrid_IDRiD_276,False,
idrid,all,/kaggle/input/datasets/deepapaneru/multimodal-dr-datasets/Imagenes/Imagenes/IDRiD_312.jpg,IDRiD_312.jpg,IDRiD_312,left,0.91,estimated_disc_position,idrid_IDRiD_312,False,
idrid,all,/kaggle/input/datasets/deepapaneru/multimodal-dr-datasets/Imagenes/Imagenes/IDRiD_208.jpg,IDRiD_208.jpg,IDRiD_208,left,1.0,estimated_disc_position,idrid_IDRiD_208,False,
idrid,all,/kaggle/input/datasets/deepapaneru/multimodal-dr-datasets/Imagenes/Imagenes/IDRiD_111.jpg,IDRiD_111.jpg,IDRiD_111,left,1.0,estimated_disc_position,idrid_IDRiD_111,False,
idrid,all,/kaggle/input/datasets/deepapaneru/multimodal-dr-datasets/Imagenes/Imagenes/IDRiD_201.jpg,IDRiD_201.jpg,IDRiD_201,right,0.85,estimated_disc_position,idrid_IDRiD_201,False,
idrid,all,/kaggle/input/datasets/deepapaneru/multimodal-dr-datasets/Imagenes/Imagenes/IDRiD_309.jpg,IDRiD_309.jpg,IDRiD_309,left,1.0,estimated_disc_position,idrid_IDRiD_309,False,
idrid,all,/kaggle/input/datasets/deepapaneru/multimodal-dr-datasets/Imagenes/Imagenes/IDRiD_180.jpg,IDRiD_180.jpg,IDRiD_180,left,0.61,estimated_disc_position,idrid_IDRiD_180,False,
idrid,all,/kaggle/input/datasets/deepapaneru/multimodal-dr-datasets/Imagenes/Imagenes/IDRiD_194.jpg,IDRiD_194.jpg,IDRiD_194,right,0.83,estimated_disc_position,idrid_IDRiD_194,False,
idrid,all,/kaggle/input/datasets/deepapaneru/multimodal-dr-datasets/Imagenes/Imagenes/IDRiD_091test.jpg,IDRiD_091test.jpg,IDRiD_091test,right,1.0,estimated_disc_position,idrid_IDRiD_091test,False,
idrid,all,/kaggle/input/datasets/deepapaneru/multimodal-dr-datasets/Imagenes/Imagenes/IDRiD_109.jpg,IDRiD_109.jpg,IDRiD_109,left,1.0,estimated_disc_position,idrid_IDRiD_109,False,
idrid,all,/kaggle/input/datasets/deepapaneru/multimodal-dr-datasets/Imagenes/Imagenes/IDRiD_086.jpg,IDRiD_086.jpg,IDRiD_086,left,1.0,estimated_disc_position,idrid_IDRiD_086,False,
idrid,all,/kaggle/input/datasets/deepapaneru/multimodal-dr-datasets/Imagenes/Imagenes/IDRiD_008test.jpg,IDRiD_008test.jpg,IDRiD_008test,left,1.0,estimated_disc_position,idrid_IDRiD_008test,False,
idrid,all,/kaggle/input/datasets/deepapaneru/multimodal-dr-datasets/Imagenes/Imagenes/IDRiD_102.jpg,IDRiD_102.jpg,IDRiD_102,right,1.0,estimated_disc_position,idrid_IDRiD_102,False,
idrid,all,/kaggle/input/datasets/deepapaneru/multimodal-dr-datasets/Imagenes/Imagenes/IDRiD_006test.jpg,IDRiD_006test.jpg,IDRiD_006test,right,1.0,estimated_disc_position,idrid_IDRiD_006test,False,
idrid,all,/kaggle/input/datasets/deepapaneru/multimodal-dr-datasets/Imagenes/Imagenes/IDRiD_204.jpg,IDRiD_204.jpg,IDRiD_204,left,1.0,estimated_disc_position,idrid_IDRiD_204,False,
idrid,all,/kaggle/input/datasets/deepapaneru/multimodal-dr-datasets/Imagenes/Imagenes/IDRiD_024.jpg,IDRiD_024.jpg,IDRiD_024,left,1.0,estimated_disc_position,idrid_IDRiD_024,False,
idrid,all,/kaggle/input/datasets/deepapaneru/multimodal-dr-datasets/Imagenes/Imagenes/IDRiD_290.jpg,IDRiD_290.jpg,IDRiD_290,right,0.95,estimated_disc_position,idrid_IDRiD_290,False,
idrid,all,/kaggle/input/datasets/deepapaneru/multimodal-dr-datasets/Imagenes/Imagenes/IDRiD_300.jpg,IDRiD_300.jpg,IDRiD_300,right,0.8,estimated_disc_position,idrid_IDRiD_300,False,
idrid,all,/kaggle/input/datasets/deepapaneru/multimodal-dr-datasets/Imagenes/Imagenes/IDRiD_310.jpg,IDRiD_310.jpg,IDRiD_310,right,1.0,estimated_disc_position,idrid_IDRiD_310,False,
idrid,all,/kaggle/input/datasets/deepapaneru/multimodal-dr-datasets/Imagenes/Imagenes/IDRiD_003.jpg,IDRiD_003.jpg,IDRiD_003,left,1.0,estimated_disc_position,idrid_IDRiD_003,False,
idrid,all,/kaggle/input/datasets/deepapaneru/multimodal-dr-datasets/Imagenes/Imagenes/IDRiD_067test.jpg,IDRiD_067test.jpg,IDRiD_067test,right,1.0,estimated_disc_position,idrid_IDRiD_067test,False,
idrid,all,/kaggle/input/datasets/deepapaneru/multimodal-dr-datasets/Imagenes/Imagenes/IDRiD_107.jpg,IDRiD_107.jpg,IDRiD_107,right,1.0,estimated_disc_position,idrid_IDRiD_107,False,
idrid,all,/kaggle/input/datasets/deepapaneru/multimodal-dr-datasets/Imagenes/Imagenes/IDRiD_029.jpg,IDRiD_029.jpg,IDRiD_029,right,1.0,estimated_disc_position,idrid_IDRiD_029,False,
idrid,all,/kaggle/input/datasets/deepapaneru/multimodal-dr-datasets/Imagenes/Imagenes/IDRiD_085test.jpg,IDRiD_085test.jpg,IDRiD_085test,right,1.0,estimated_disc_position,idrid_IDRiD_085test,False,
idrid,all,/kaggle/input/datasets/deepapaneru/multimodal-dr-datasets/Imagenes/Imagenes/IDRiD_056.jpg,IDRiD_056.jpg,IDRiD_056,left,0.99,estimated_disc_position,idrid_IDRiD_056,False,
idrid,all,/kaggle/input/datasets/deepapaneru/multimodal-dr-datasets/Imagenes/Imagenes/IDRiD_030.jpg,IDRiD_030.jpg,IDRiD_030,left,1.0,estimated_disc_position,idrid_IDRiD_030,False,
idrid,all,/kaggle/input/datasets/deepapaneru/multimodal-dr-datasets/Imagenes/Imagenes/IDRiD_248.jpg,IDRiD_248.jpg,IDRiD_248,left,0.93,estimated_disc_position,idrid_IDRiD_248,False,
idrid,all,/kaggle/input/datasets/deepapaneru/multimodal-dr-datasets/Imagenes/Imagenes/IDRiD_140.jpg,IDRiD_140.jpg,IDRiD_140,right,1.0,estimated_disc_position,idrid_IDRiD_140,False,
idrid,all,/kaggle/input/datasets/deepapaneru/multimodal-dr-datasets/Imagenes/Imagenes/IDRiD_263.jpg,IDRiD_263.jpg,IDRiD_263,left,1.0,estimated_disc_position,idrid_IDRiD_263,False,
idrid,all,/kaggle/input/datasets/deepapaneru/multimodal-dr-datasets/Imagenes/Imagenes/IDRiD_241.jpg,IDRiD_241.jpg,IDRiD_241,left,1.0,estimated_disc_position,idrid_IDRiD_241,False,
idrid,all,/kaggle/input/datasets/deepapaneru/multimodal-dr-datasets/Imagenes/Imagenes/IDRiD_051.jpg,IDRiD_051.jpg,IDRiD_051,left,1.0,estimated_disc_position,idrid_IDRiD_051,False,
idrid,all,/kaggle/input/datasets/deepapaneru/multimodal-dr-datasets/Imagenes/Imagenes/IDRiD_256.jpg,IDRiD_256.jpg,IDRiD_256,left,1.0,estimated_disc_position,idrid_IDRiD_256,False,
idrid,all,/kaggle/input/datasets/deepapaneru/multimodal-dr-datasets/Imagenes/Imagenes/IDRiD_410.jpg,IDRiD_410.jpg,IDRiD_410,right,1.0,estimated_disc_position,idrid_IDRiD_410,False,
idrid,all,/kaggle/input/datasets/deepapaneru/multimodal-dr-datasets/Imagenes/Imagenes/IDRiD_318.jpg,IDRiD_318.jpg,IDRiD_318,left,1.0,estimated_disc_position,idrid_IDRiD_318,False,
idrid,all,/kaggle/input/datasets/deepapaneru/multimodal-dr-datasets/Imagenes/Imagenes/IDRiD_128.jpg,IDRiD_128.jpg,IDRiD_128,right,0.99,estimated_disc_position,idrid_IDRiD_128,False,
idrid,all,/kaggle/input/datasets/deepapaneru/multimodal-dr-datasets/Imagenes/Imagenes/IDRiD_069.jpg,IDRiD_069.jpg,IDRiD_069,right,0.76,estimated_disc_position,idrid_IDRiD_069,False,
idrid,all,/kaggle/input/datasets/deepapaneru/multimodal-dr-datasets/Imagenes/Imagenes/IDRiD_104.jpg,IDRiD_104.jpg,IDRiD_104,left,0.91,estimated_disc_position,idrid_IDRiD_104,False,
idrid,all,/kaggle/input/datasets/deepapaneru/multimodal-dr-datasets/Imagenes/Imagenes/IDRiD_155.jpg,IDRiD_155.jpg,IDRiD_155,left,1.0,estimated_disc_position,idrid_IDRiD_155,False,
idrid,all,/kaggle/input/datasets/deepapaneru/multimodal-dr-datasets/Imagenes/Imagenes/IDRiD_019test.jpg,IDRiD_019test.jpg,IDRiD_019test,left,1.0,estimated_disc_position,idrid_IDRiD_019test,False,
idrid,all,/kaggle/input/datasets/deepapaneru/multimodal-dr-datasets/Imagenes/Imagenes/IDRiD_261.jpg,IDRiD_261.jpg,IDRiD_261,left,0.91,estimated_disc_position,idrid_IDRiD_261,False,
idrid,all,/kaggle/input/datasets/deepapaneru/multimodal-dr-datasets/Imagenes/Imagenes/IDRiD_380.jpg,IDRiD_380.jpg,IDRiD_380,left,1.0,estimated_disc_position,idrid_IDRiD_380,False,
idrid,all,/kaggle/input/datasets/deepapaneru/multimodal-dr-datasets/Imagenes/Imagenes/IDRiD_302.jpg,IDRiD_302.jpg,IDRiD_302,left,1.0,estimated_disc_position,idrid_IDRiD_302,False,
idrid,all,/kaggle/input/datasets/deepapaneru/multimodal-dr-datasets/Imagenes/Imagenes/IDRiD_392.jpg,IDRiD_392.jpg,IDRiD_392,left,1.0,estimated_disc_position,idrid_IDRiD_392,False,
idrid,all,/kaggle/input/datasets/deepapaneru/multimodal-dr-datasets/Imagenes/Imagenes/IDRiD_205.jpg,IDRiD_205.jpg,IDRiD_205,right,0.93,estimated_disc_position,idrid_IDRiD_205,False,
idrid,all,/kaggle/input/datasets/deepapaneru/multimodal-dr-datasets/Imagenes/Imagenes/IDRiD_413.jpg,IDRiD_413.jpg,IDRiD_413,right,0.99,estimated_disc_position,idrid_IDRiD_413,False,
idrid,all,/kaggle/input/datasets/deepapaneru/multimodal-dr-datasets/Imagenes/Imagenes/IDRiD_330.jpg,IDRiD_330.jpg,IDRiD_330,right,0.83,estimated_disc_position,idrid_IDRiD_330,False,
idrid,all,/kaggle/input/datasets/deepapaneru/multimodal-dr-datasets/Imagenes/Imagenes/IDRiD_101test.jpg,IDRiD_101test.jpg,IDRiD_101test,right,1.0,estimated_disc_position,idrid_IDRiD_101test,False,
idrid,all,/kaggle/input/datasets/deepapaneru/multimodal-dr-datasets/Imagenes/Imagenes/IDRiD_294.jpg,IDRiD_294.jpg,IDRiD_294,left,0.99,estimated_disc_position,idrid_IDRiD_294,False,
idrid,all,/kaggle/input/datasets/deepapaneru/multimodal-dr-datasets/Imagenes/Imagenes/IDRiD_095.jpg,IDRiD_095.jpg,IDRiD_095,right,1.0,estimated_disc_position,idrid_IDRiD_095,False,
idrid,all,/kaggle/input/datasets/deepapaneru/multimodal-dr-datasets/Imagenes/Imagenes/IDRiD_126.jpg,IDRiD_126.jpg,IDRiD_126,left,1.0,estimated_disc_position,idrid_IDRiD_126,False,
idrid,all,/kaggle/input/datasets/deepapaneru/multimodal-dr-datasets/Imagenes/Imagenes/IDRiD_381.jpg,IDRiD_381.jpg,IDRiD_381,left,1.0,estimated_disc_position,idrid_IDRiD_381,False,
idrid,all,/kaggle/input/datasets/deepapaneru/multimodal-dr-datasets/Imagenes/Imagenes/IDRiD_264.jpg,IDRiD_264.jpg,IDRiD_264,left,1.0,estimated_disc_position,idrid_IDRiD_264,False,
idrid,all,/kaggle/input/datasets/deepapaneru/multimodal-dr-datasets/Imagenes/Imagenes/IDRiD_279.jpg,IDRiD_279.jpg,IDRiD_279,left,1.0,estimated_disc_position,idrid_IDRiD_279,False,
idrid,all,/kaggle/input/datasets/deepapaneru/multimodal-dr-datasets/Imagenes/Imagenes/IDRiD_074test.jpg,IDRiD_074test.jpg,IDRiD_074test,left,1.0,estimated_disc_position,idrid_IDRiD_074test,False,
idrid,all,/kaggle/input/datasets/deepapaneru/multimodal-dr-datasets/Imagenes/Imagenes/IDRiD_119.jpg,IDRiD_119.jpg,IDRiD_119,right,1.0,estimated_disc_position,idrid_IDRiD_119,False,
idrid,all,/kaggle/input/datasets/deepapaneru/multimodal-dr-datasets/Imagenes/Imagenes/IDRiD_028.jpg,IDRiD_028.jpg,IDRiD_028,left,1.0,estimated_disc_position,idrid_IDRiD_028,False,
idrid,all,/kaggle/input/datasets/deepapaneru/multimodal-dr-datasets/Imagenes/Imagenes/IDRiD_213.jpg,IDRiD_213.jpg,IDRiD_213,right,0.93,estimated_disc_position,idrid_IDRiD_213,False,
idrid,all,/kaggle/input/datasets/deepapaneru/multimodal-dr-datasets/Imagenes/Imagenes/IDRiD_017.jpg,IDRiD_017.jpg,IDRiD_017,uncertain,0.17,estimated_disc_position,idrid_IDRiD_017,True,
idrid,all,/kaggle/input/datasets/deepapaneru/multimodal-dr-datasets/Imagenes/Imagenes/IDRiD_286.jpg,IDRiD_286.jpg,IDRiD_286,left,1.0,estimated_disc_position,idrid_IDRiD_286,False,
idrid,all,/kaggle/input/datasets/deepapaneru/multimodal-dr-datasets/Imagenes/Imagenes/IDRiD_385.jpg,IDRiD_385.jpg,IDRiD_385,right,1.0,estimated_disc_position,idrid_IDRiD_385,False,
idrid,all,/kaggle/input/datasets/deepapaneru/multimodal-dr-datasets/Imagenes/Imagenes/IDRiD_386.jpg,IDRiD_386.jpg,IDRiD_386,left,0.97,estimated_disc_position,idrid_IDRiD_386,False,
idrid,all,/kaggle/input/datasets/deepapaneru/multimodal-dr-datasets/Imagenes/Imagenes/IDRiD_391.jpg,IDRiD_391.jpg,IDRiD_391,left,1.0,estimated_disc_position,idrid_IDRiD_391,False,
idrid,all,/kaggle/input/datasets/deepapaneru/multimodal-dr-datasets/Imagenes/Imagenes/IDRiD_045.jpg,IDRiD_045.jpg,IDRiD_045,left,1.0,estimated_disc_position,idrid_IDRiD_045,False,
idrid,all,/kaggle/input/datasets/deepapaneru/multimodal-dr-datasets/Imagenes/Imagenes/IDRiD_032.jpg,IDRiD_032.jpg,IDRiD_032,right,0.38,estimated_disc_position,idrid_IDRiD_032,False,
idrid,all,/kaggle/input/datasets/deepapaneru/multimodal-dr-datasets/Imagenes/Imagenes/IDRiD_031.jpg,IDRiD_031.jpg,IDRiD_031,right,0.74,estimated_disc_position,idrid_IDRiD_031,False,
idrid,all,/kaggle/input/datasets/deepapaneru/multimodal-dr-datasets/Imagenes/Imagenes/IDRiD_190.jpg,IDRiD_190.jpg,IDRiD_190,left,0.98,estimated_disc_position,idrid_IDRiD_190,False,
idrid,all,/kaggle/input/datasets/deepapaneru/multimodal-dr-datasets/Imagenes/Imagenes/IDRiD_076.jpg,IDRiD_076.jpg,IDRiD_076,right,1.0,estimated_disc_position,idrid_IDRiD_076,False,
idrid,all,/kaggle/input/datasets/deepapaneru/multimodal-dr-datasets/Imagenes/Imagenes/IDRiD_105.jpg,IDRiD_105.jpg,IDRiD_105,right,1.0,estimated_disc_position,idrid_IDRiD_105,False,
idrid,all,/kaggle/input/datasets/deepapaneru/multimodal-dr-datasets/Imagenes/Imagenes/IDRiD_157.jpg,IDRiD_157.jpg,IDRiD_157,right,1.0,estimated_disc_position,idrid_IDRiD_157,False,
idrid,all,/kaggle/input/datasets/deepapaneru/multimodal-dr-datasets/Imagenes/Imagenes/IDRiD_132.jpg,IDRiD_132.jpg,IDRiD_132,right,1.0,estimated_disc_position,idrid_IDRiD_132,False,
idrid,all,/kaggle/input/datasets/deepapaneru/multimodal-dr-datasets/Imagenes/Imagenes/IDRiD_082test.jpg,IDRiD_082test.jpg,IDRiD_082test,right,1.0,estimated_disc_position,idrid_IDRiD_082test,False,
idrid,all,/kaggle/input/datasets/deepapaneru/multimodal-dr-datasets/Imagenes/Imagenes/IDRiD_255.jpg,IDRiD_255.jpg,IDRiD_255,left,1.0,estimated_disc_position,idrid_IDRiD_255,False,
idrid,all,/kaggle/input/datasets/deepapaneru/multimodal-dr-datasets/Imagenes/Imagenes/IDRiD_192.jpg,IDRiD_192.jpg,IDRiD_192,left,1.0,estimated_disc_position,idrid_IDRiD_192,False,
idrid,all,/kaggle/input/datasets/deepapaneru/multimodal-dr-datasets/Imagenes/Imagenes/IDRiD_041.jpg,IDRiD_041.jpg,IDRiD_041,right,1.0,estimated_disc_position,idrid_IDRiD_041,False,
idrid,all,/kaggle/input/datasets/deepapaneru/multimodal-dr-datasets/Imagenes/Imagenes/IDRiD_262.jpg,IDRiD_262.jpg,IDRiD_262,right,0.97,estimated_disc_position,idrid_IDRiD_262,False,
idrid,all,/kaggle/input/datasets/deepapaneru/multimodal-dr-datasets/Imagenes/Imagenes/IDRiD_020.jpg,IDRiD_020.jpg,IDRiD_020,right,1.0,estimated_disc_position,idrid_IDRiD_020,False,
idrid,all,/kaggle/input/datasets/deepapaneru/multimodal-dr-datasets/Imagenes/Imagenes/IDRiD_043.jpg,IDRiD_043.jpg,IDRiD_043,left,1.0,estimated_disc_position,idrid_IDRiD_043,False,
idrid,all,/kaggle/input/datasets/deepapaneru/multimodal-dr-datasets/Imagenes/Imagenes/IDRiD_282.jpg,IDRiD_282.jpg,IDRiD_282,left,0.99,estimated_disc_position,idrid_IDRiD_282,False,
idrid,all,/kaggle/input/datasets/deepapaneru/multimodal-dr-datasets/Imagenes/Imagenes/IDRiD_224.jpg,IDRiD_224.jpg,IDRiD_224,uncertain,0.17,estimated_disc_position,idrid_IDRiD_224,True,
idrid,all,/kaggle/input/datasets/deepapaneru/multimodal-dr-datasets/Imagenes/Imagenes/IDRiD_034.jpg,IDRiD_034.jpg,IDRiD_034,left,1.0,estimated_disc_position,idrid_IDRiD_034,False,
idrid,all,/kaggle/input/datasets/deepapaneru/multimodal-dr-datasets/Imagenes/Imagenes/IDRiD_076test.jpg,IDRiD_076test.jpg,IDRiD_076test,left,1.0,estimated_disc_position,idrid_IDRiD_076test,False,
idrid,all,/kaggle/input/datasets/deepapaneru/multimodal-dr-datasets/Imagenes/Imagenes/IDRiD_015.jpg,IDRiD_015.jpg,IDRiD_015,left,1.0,estimated_disc_position,idrid_IDRiD_015,False,
idrid,all,/kaggle/input/datasets/deepapaneru/multimodal-dr-datasets/Imagenes/Imagenes/IDRiD_135.jpg,IDRiD_135.jpg,IDRiD_135,right,1.0,estimated_disc_position,idrid_IDRiD_135,False,
idrid,all,/kaggle/input/datasets/deepapaneru/multimodal-dr-datasets/Imagenes/Imagenes/IDRiD_068.jpg,IDRiD_068.jpg,IDRiD_068,left,1.0,estimated_disc_position,idrid_IDRiD_068,False,
idrid,all,/kaggle/input/datasets/deepapaneru/multimodal-dr-datasets/Imagenes/Imagenes/IDRiD_249.jpg,IDRiD_249.jpg,IDRiD_249,right,0.93,estimated_disc_position,idrid_IDRiD_249,False,
idrid,all,/kaggle/input/datasets/deepapaneru/multimodal-dr-datasets/Imagenes/Imagenes/IDRiD_321.jpg,IDRiD_321.jpg,IDRiD_321,right,1.0,estimated_disc_position,idrid_IDRiD_321,False,
idrid,all,/kaggle/input/datasets/deepapaneru/multimodal-dr-datasets/Imagenes/Imagenes/IDRiD_235.jpg,IDRiD_235.jpg,IDRiD_235,right,0.91,estimated_disc_position,idrid_IDRiD_235,False,
idrid,all,/kaggle/input/datasets/deepapaneru/multimodal-dr-datasets/Imagenes/Imagenes/IDRiD_174.jpg,IDRiD_174.jpg,IDRiD_174,left,1.0,estimated_disc_position,idrid_IDRiD_174,False,
idrid,all,/kaggle/input/datasets/deepapaneru/multimodal-dr-datasets/Imagenes/Imagenes/IDRiD_108.jpg,IDRiD_108.jpg,IDRiD_108,left,1.0,estimated_disc_position,idrid_IDRiD_108,False,
idrid,all,/kaggle/input/datasets/deepapaneru/multimodal-dr-datasets/Imagenes/Imagenes/IDRiD_202.jpg,IDRiD_202.jpg,IDRiD_202,right,0.95,estimated_disc_position,idrid_IDRiD_202,False,
idrid,all,/kaggle/input/datasets/deepapaneru/multimodal-dr-datasets/Imagenes/Imagenes/IDRiD_360.jpg,IDRiD_360.jpg,IDRiD_360,right,1.0,estimated_disc_position,idrid_IDRiD_360,False,
idrid,all,/kaggle/input/datasets/deepapaneru/multimodal-dr-datasets/Imagenes/Imagenes/IDRiD_334.jpg,IDRiD_334.jpg,IDRiD_334,right,1.0,estimated_disc_position,idrid_IDRiD_334,False,
idrid,all,/kaggle/input/datasets/deepapaneru/multimodal-dr-datasets/Imagenes/Imagenes/IDRiD_090test.jpg,IDRiD_090test.jpg,IDRiD_090test,left,0.99,estimated_disc_position,idrid_IDRiD_090test,False,
idrid,all,/kaggle/input/datasets/deepapaneru/multimodal-dr-datasets/Imagenes/Imagenes/IDRiD_333.jpg,IDRiD_333.jpg,IDRiD_333,left,1.0,estimated_disc_position,idrid_IDRiD_333,False,
idrid,all,/kaggle/input/datasets/deepapaneru/multimodal-dr-datasets/Imagenes/Imagenes/IDRiD_259.jpg,IDRiD_259.jpg,IDRiD_259,right,0.95,estimated_disc_position,idrid_IDRiD_259,False,
idrid,all,/kaggle/input/datasets/deepapaneru/multimodal-dr-datasets/Imagenes/Imagenes/IDRiD_131.jpg,IDRiD_131.jpg,IDRiD_131,uncertain,0.08,estimated_disc_position,idrid_IDRiD_131,True,
idrid,all,/kaggle/input/datasets/deepapaneru/multimodal-dr-datasets/Imagenes/Imagenes/IDRiD_007test.jpg,IDRiD_007test.jpg,IDRiD_007test,left,1.0,estimated_disc_position,idrid_IDRiD_007test,False,
idrid,all,/kaggle/input/datasets/deepapaneru/multimodal-dr-datasets/Imagenes/Imagenes/IDRiD_066.jpg,IDRiD_066.jpg,IDRiD_066,right,1.0,estimated_disc_position,idrid_IDRiD_066,False,
idrid,all,/kaggle/input/datasets/deepapaneru/multimodal-dr-datasets/Imagenes/Imagenes/IDRiD_411.jpg,IDRiD_411.jpg,IDRiD_411,left,1.0,estimated_disc_position,idrid_IDRiD_411,False,
idrid,all,/kaggle/input/datasets/deepapaneru/multimodal-dr-datasets/Imagenes/Imagenes/IDRiD_130.jpg,IDRiD_130.jpg,IDRiD_130,left,1.0,estimated_disc_position,idrid_IDRiD_130,False,
idrid,all,/kaggle/input/datasets/deepapaneru/multimodal-dr-datasets/Imagenes/Imagenes/IDRiD_203.jpg,IDRiD_203.jpg,IDRiD_203,right,0.95,estimated_disc_position,idrid_IDRiD_203,False,
idrid,all,/kaggle/input/datasets/deepapaneru/multimodal-dr-datasets/Imagenes/Imagenes/IDRiD_020test.jpg,IDRiD_020test.jpg,IDRiD_020test,right,0.93,estimated_disc_position,idrid_IDRiD_020test,False,
idrid,all,/kaggle/input/datasets/deepapaneru/multimodal-dr-datasets/Imagenes/Imagenes/IDRiD_038test.jpg,IDRiD_038test.jpg,IDRiD_038test,left,1.0,estimated_disc_position,idrid_IDRiD_038test,False,
idrid,all,/kaggle/input/datasets/deepapaneru/multimodal-dr-datasets/Imagenes/Imagenes/IDRiD_379.jpg,IDRiD_379.jpg,IDRiD_379,right,1.0,estimated_disc_position,idrid_IDRiD_379,False,
idrid,all,/kaggle/input/datasets/deepapaneru/multimodal-dr-datasets/Imagenes/Imagenes/IDRiD_172.jpg,IDRiD_172.jpg,IDRiD_172,right,1.0,estimated_disc_position,idrid_IDRiD_172,False,
idrid,all,/kaggle/input/datasets/deepapaneru/multimodal-dr-datasets/Imagenes/Imagenes/IDRiD_260.jpg,IDRiD_260.jpg,IDRiD_260,right,1.0,estimated_disc_position,idrid_IDRiD_260,False,
idrid,all,/kaggle/input/datasets/deepapaneru/multimodal-dr-datasets/Imagenes/Imagenes/IDRiD_081test.jpg,IDRiD_081test.jpg,IDRiD_081test,left,1.0,estimated_disc_position,idrid_IDRiD_081test,False,
idrid,all,/kaggle/input/datasets/deepapaneru/multimodal-dr-datasets/Imagenes/Imagenes/IDRiD_400.jpg,IDRiD_400.jpg,IDRiD_400,left,1.0,estimated_disc_position,idrid_IDRiD_400,False,
idrid,all,/kaggle/input/datasets/deepapaneru/multimodal-dr-datasets/Imagenes/Imagenes/IDRiD_025test.jpg,IDRiD_025test.jpg,IDRiD_025test,right,0.95,estimated_disc_position,idrid_IDRiD_025test,False,
idrid,all,/kaggle/input/datasets/deepapaneru/multimodal-dr-datasets/Imagenes/Imagenes/IDRiD_154.jpg,IDRiD_154.jpg,IDRiD_154,left,1.0,estimated_disc_position,idrid_IDRiD_154,False,
idrid,all,/kaggle/input/datasets/deepapaneru/multimodal-dr-datasets/Imagenes/Imagenes/IDRiD_097.jpg,IDRiD_097.jpg,IDRiD_097,left,1.0,estimated_disc_position,idrid_IDRiD_097,False,
idrid,all,/kaggle/input/datasets/deepapaneru/multimodal-dr-datasets/Imagenes/Imagenes/IDRiD_019.jpg,IDRiD_019.jpg,IDRiD_019,left,1.0,estimated_disc_position,idrid_IDRiD_019,False,
idrid,all,/kaggle/input/datasets/deepapaneru/multimodal-dr-datasets/Imagenes/Imagenes/IDRiD_009test.jpg,IDRiD_009test.jpg,IDRiD_009test,right,1.0,estimated_disc_position,idrid_IDRiD_009test,False,
idrid,all,/kaggle/input/datasets/deepapaneru/multimodal-dr-datasets/Imagenes/Imagenes/IDRiD_354.jpg,IDRiD_354.jpg,IDRiD_354,right,0.78,estimated_disc_position,idrid_IDRiD_354,False,
idrid,all,/kaggle/input/datasets/deepapaneru/multimodal-dr-datasets/Imagenes/Imagenes/IDRiD_002.jpg,IDRiD_002.jpg,IDRiD_002,left,1.0,estimated_disc_position,idrid_IDRiD_002,False,
idrid,all,/kaggle/input/datasets/deepapaneru/multimodal-dr-datasets/Imagenes/Imagenes/IDRiD_062test.jpg,IDRiD_062test.jpg,IDRiD_062test,left,1.0,estimated_disc_position,idrid_IDRiD_062test,False,
idrid,all,/kaggle/input/datasets/deepapaneru/multimodal-dr-datasets/Imagenes/Imagenes/IDRiD_218.jpg,IDRiD_218.jpg,IDRiD_218,right,0.78,estimated_disc_position,idrid_IDRiD_218,False,
idrid,all,/kaggle/input/datasets/deepapaneru/multimodal-dr-datasets/Imagenes/Imagenes/IDRiD_340.jpg,IDRiD_340.jpg,IDRiD_340,left,1.0,estimated_disc_position,idrid_IDRiD_340,False,
idrid,all,/kaggle/input/datasets/deepapaneru/multimodal-dr-datasets/Imagenes/Imagenes/IDRiD_196.jpg,IDRiD_196.jpg,IDRiD_196,right,0.87,estimated_disc_position,idrid_IDRiD_196,False,
idrid,all,/kaggle/input/datasets/deepapaneru/multimodal-dr-datasets/Imagenes/Imagenes/IDRiD_303.jpg,IDRiD_303.jpg,IDRiD_303,right,0.89,estimated_disc_position,idrid_IDRiD_303,False,
idrid,all,/kaggle/input/datasets/deepapaneru/multimodal-dr-datasets/Imagenes/Imagenes/IDRiD_051test.jpg,IDRiD_051test.jpg,IDRiD_051test,right,1.0,estimated_disc_position,idrid_IDRiD_051test,False,
idrid,all,/kaggle/input/datasets/deepapaneru/multimodal-dr-datasets/Imagenes/Imagenes/IDRiD_345.jpg,IDRiD_345.jpg,IDRiD_345,left,1.0,estimated_disc_position,idrid_IDRiD_345,False,
idrid,all,/kaggle/input/datasets/deepapaneru/multimodal-dr-datasets/Imagenes/Imagenes/IDRiD_198.jpg,IDRiD_198.jpg,IDRiD_198,right,0.87,estimated_disc_position,idrid_IDRiD_198,False,
idrid,all,/kaggle/input/datasets/deepapaneru/multimodal-dr-datasets/Imagenes/Imagenes/IDRiD_178.jpg,IDRiD_178.jpg,IDRiD_178,right,0.87,estimated_disc_position,idrid_IDRiD_178,False,
idrid,all,/kaggle/input/datasets/deepapaneru/multimodal-dr-datasets/Imagenes/Imagenes/IDRiD_289.jpg,IDRiD_289.jpg,IDRiD_289,right,0.47,estimated_disc_position,idrid_IDRiD_289,False,
idrid,all,/kaggle/input/datasets/deepapaneru/multimodal-dr-datasets/Imagenes/Imagenes/IDRiD_195.jpg,IDRiD_195.jpg,IDRiD_195,right,0.85,estimated_disc_position,idrid_IDRiD_195,False,
idrid,all,/kaggle/input/datasets/deepapaneru/multimodal-dr-datasets/Imagenes/Imagenes/IDRiD_035.jpg,IDRiD_035.jpg,IDRiD_035,right,0.89,estimated_disc_position,idrid_IDRiD_035,False,
idrid,all,/kaggle/input/datasets/deepapaneru/multimodal-dr-datasets/Imagenes/Imagenes/IDRiD_258.jpg,IDRiD_258.jpg,IDRiD_258,left,0.95,estimated_disc_position,idrid_IDRiD_258,False,
idrid,all,/kaggle/input/datasets/deepapaneru/multimodal-dr-datasets/Imagenes/Imagenes/IDRiD_064test.jpg,IDRiD_064test.jpg,IDRiD_064test,right,0.85,estimated_disc_position,idrid_IDRiD_064test,False,
idrid,all,/kaggle/input/datasets/deepapaneru/multimodal-dr-datasets/Imagenes/Imagenes/IDRiD_399.jpg,IDRiD_399.jpg,IDRiD_399,right,0.99,estimated_disc_position,idrid_IDRiD_399,False,
idrid,all,/kaggle/input/datasets/deepapaneru/multimodal-dr-datasets/Imagenes/Imagenes/IDRiD_080.jpg,IDRiD_080.jpg,IDRiD_080,right,1.0,estimated_disc_position,idrid_IDRiD_080,False,
idrid,all,/kaggle/input/datasets/deepapaneru/multimodal-dr-datasets/Imagenes/Imagenes/IDRiD_177.jpg,IDRiD_177.jpg,IDRiD_177,right,1.0,estimated_disc_position,idrid_IDRiD_177,False,
idrid,all,/kaggle/input/datasets/deepapaneru/multimodal-dr-datasets/Imagenes/Imagenes/IDRiD_288.jpg,IDRiD_288.jpg,IDRiD_288,left,0.97,estimated_disc_position,idrid_IDRiD_288,False,
idrid,all,/kaggle/input/datasets/deepapaneru/multimodal-dr-datasets/Imagenes/Imagenes/IDRiD_055.jpg,IDRiD_055.jpg,IDRiD_055,right,1.0,estimated_disc_position,idrid_IDRiD_055,False,
idrid,all,/kaggle/input/datasets/deepapaneru/multimodal-dr-datasets/Imagenes/Imagenes/IDRiD_064.jpg,IDRiD_064.jpg,IDRiD_064,right,0.8,estimated_disc_position,idrid_IDRiD_064,False,
idrid,all,/kaggle/input/datasets/deepapaneru/multimodal-dr-datasets/Imagenes/Imagenes/IDRiD_269.jpg,IDRiD_269.jpg,IDRiD_269,right,1.0,estimated_disc_position,idrid_IDRiD_269,False,
idrid,all,/kaggle/input/datasets/deepapaneru/multimodal-dr-datasets/Imagenes/Imagenes/IDRiD_166.jpg,IDRiD_166.jpg,IDRiD_166,left,1.0,estimated_disc_position,idrid_IDRiD_166,False,
idrid,all,/kaggle/input/datasets/deepapaneru/multimodal-dr-datasets/Imagenes/Imagenes/IDRiD_098.jpg,IDRiD_098.jpg,IDRiD_098,left,1.0,estimated_disc_position,idrid_IDRiD_098,False,
idrid,all,/kaggle/input/datasets/deepapaneru/multimodal-dr-datasets/Imagenes/Imagenes/IDRiD_072test.jpg,IDRiD_072test.jpg,IDRiD_072test,uncertain,0.17,estimated_disc_position,idrid_IDRiD_072test,True,
idrid,all,/kaggle/input/datasets/deepapaneru/multimodal-dr-datasets/Imagenes/Imagenes/IDRiD_219.jpg,IDRiD_219.jpg,IDRiD_219,left,0.83,estimated_disc_position,idrid_IDRiD_219,False,
idrid,all,/kaggle/input/datasets/deepapaneru/multimodal-dr-datasets/Imagenes/Imagenes/IDRiD_026test.jpg,IDRiD_026test.jpg,IDRiD_026test,left,1.0,estimated_disc_position,idrid_IDRiD_026test,False,
idrid,all,/kaggle/input/datasets/deepapaneru/multimodal-dr-datasets/Imagenes/Imagenes/IDRiD_036test.jpg,IDRiD_036test.jpg,IDRiD_036test,right,1.0,estimated_disc_position,idrid_IDRiD_036test,False,
idrid,all,/kaggle/input/datasets/deepapaneru/multimodal-dr-datasets/Imagenes/Imagenes/IDRiD_408.jpg,IDRiD_408.jpg,IDRiD_408,right,1.0,estimated_disc_position,idrid_IDRiD_408,False,
idrid,all,/kaggle/input/datasets/deepapaneru/multimodal-dr-datasets/Imagenes/Imagenes/IDRiD_341.jpg,IDRiD_341.jpg,IDRiD_341,right,1.0,estimated_disc_position,idrid_IDRiD_341,False,
idrid,all,/kaggle/input/datasets/deepapaneru/multimodal-dr-datasets/Imagenes/Imagenes/IDRiD_038.jpg,IDRiD_038.jpg,IDRiD_038,left,1.0,estimated_disc_position,idrid_IDRiD_038,False,
idrid,all,/kaggle/input/datasets/deepapaneru/multimodal-dr-datasets/Imagenes/Imagenes/IDRiD_112.jpg,IDRiD_112.jpg,IDRiD_112,right,1.0,estimated_disc_position,idrid_IDRiD_112,False,
idrid,all,/kaggle/input/datasets/deepapaneru/multimodal-dr-datasets/Imagenes/Imagenes/IDRiD_048.jpg,IDRiD_048.jpg,IDRiD_048,left,1.0,estimated_disc_position,idrid_IDRiD_048,False,
idrid,all,/kaggle/input/datasets/deepapaneru/multimodal-dr-datasets/Imagenes/Imagenes/IDRiD_068test.jpg,IDRiD_068test.jpg,IDRiD_068test,right,1.0,estimated_disc_position,idrid_IDRiD_068test,False,
idrid,all,/kaggle/input/datasets/deepapaneru/multimodal-dr-datasets/Imagenes/Imagenes/IDRiD_240.jpg,IDRiD_240.jpg,IDRiD_240,left,0.99,estimated_disc_position,idrid_IDRiD_240,False,
idrid,all,/kaggle/input/datasets/deepapaneru/multimodal-dr-datasets/Imagenes/Imagenes/IDRiD_207.jpg,IDRiD_207.jpg,IDRiD_207,right,1.0,estimated_disc_position,idrid_IDRiD_207,False,
idrid,all,/kaggle/input/datasets/deepapaneru/multimodal-dr-datasets/Imagenes/Imagenes/IDRiD_176.jpg,IDRiD_176.jpg,IDRiD_176,left,1.0,estimated_disc_position,idrid_IDRiD_176,False,
idrid,all,/kaggle/input/datasets/deepapaneru/multimodal-dr-datasets/Imagenes/Imagenes/IDRiD_084test.jpg,IDRiD_084test.jpg,IDRiD_084test,left,1.0,estimated_disc_position,idrid_IDRiD_084test,False,
idrid,all,/kaggle/input/datasets/deepapaneru/multimodal-dr-datasets/Imagenes/Imagenes/IDRiD_283.jpg,IDRiD_283.jpg,IDRiD_283,right,0.91,estimated_disc_position,idrid_IDRiD_283,False,
idrid,all,/kaggle/input/datasets/deepapaneru/multimodal-dr-datasets/Imagenes/Imagenes/IDRiD_252.jpg,IDRiD_252.jpg,IDRiD_252,right,0.87,estimated_disc_position,idrid_IDRiD_252,False,
idrid,all,/kaggle/input/datasets/deepapaneru/multimodal-dr-datasets/Imagenes/Imagenes/IDRiD_304.jpg,IDRiD_304.jpg,IDRiD_304,left,0.91,estimated_disc_position,idrid_IDRiD_304,False,
idrid,all,/kaggle/input/datasets/deepapaneru/multimodal-dr-datasets/Imagenes/Imagenes/IDRiD_117.jpg,IDRiD_117.jpg,IDRiD_117,left,1.0,estimated_disc_position,idrid_IDRiD_117,False,
idrid,all,/kaggle/input/datasets/deepapaneru/multimodal-dr-datasets/Imagenes/Imagenes/IDRiD_267.jpg,IDRiD_267.jpg,IDRiD_267,left,0.95,estimated_disc_position,idrid_IDRiD_267,False,
idrid,all,/kaggle/input/datasets/deepapaneru/multimodal-dr-datasets/Imagenes/Imagenes/IDRiD_214.jpg,IDRiD_214.jpg,IDRiD_214,left,1.0,estimated_disc_position,idrid_IDRiD_214,False,
idrid,all,/kaggle/input/datasets/deepapaneru/multimodal-dr-datasets/Imagenes/Imagenes/IDRiD_231.jpg,IDRiD_231.jpg,IDRiD_231,right,0.85,estimated_disc_position,idrid_IDRiD_231,False,
idrid,all,/kaggle/input/datasets/deepapaneru/multimodal-dr-datasets/Imagenes/Imagenes/IDRiD_063test.jpg,IDRiD_063test.jpg,IDRiD_063test,right,0.85,estimated_disc_position,idrid_IDRiD_063test,False,
idrid,all,/kaggle/input/datasets/deepapaneru/multimodal-dr-datasets/Imagenes/Imagenes/IDRiD_017test.jpg,IDRiD_017test.jpg,IDRiD_017test,right,1.0,estimated_disc_position,idrid_IDRiD_017test,False,
idrid,all,/kaggle/input/datasets/deepapaneru/multimodal-dr-datasets/Imagenes/Imagenes/IDRiD_317.jpg,IDRiD_317.jpg,IDRiD_317,left,0.99,estimated_disc_position,idrid_IDRiD_317,False,
idrid,all,/kaggle/input/datasets/deepapaneru/multimodal-dr-datasets/Imagenes/Imagenes/IDRiD_374.jpg,IDRiD_374.jpg,IDRiD_374,right,1.0,estimated_disc_position,idrid_IDRiD_374,False,
idrid,all,/kaggle/input/datasets/deepapaneru/multimodal-dr-datasets/Imagenes/Imagenes/IDRiD_284.jpg,IDRiD_284.jpg,IDRiD_284,left,1.0,estimated_disc_position,idrid_IDRiD_284,False,
idrid,all,/kaggle/input/datasets/deepapaneru/multimodal-dr-datasets/Imagenes/Imagenes/IDRiD_006.jpg,IDRiD_006.jpg,IDRiD_006,left,1.0,estimated_disc_position,idrid_IDRiD_006,False,
idrid,all,/kaggle/input/datasets/deepapaneru/multimodal-dr-datasets/Imagenes/Imagenes/IDRiD_037.jpg,IDRiD_037.jpg,IDRiD_037,right,0.7,estimated_disc_position,idrid_IDRiD_037,False,
idrid,all,/kaggle/input/datasets/deepapaneru/multimodal-dr-datasets/Imagenes/Imagenes/IDRiD_165.jpg,IDRiD_165.jpg,IDRiD_165,left,1.0,estimated_disc_position,idrid_IDRiD_165,False,
idrid,all,/kaggle/input/datasets/deepapaneru/multimodal-dr-datasets/Imagenes/Imagenes/IDRiD_189.jpg,IDRiD_189.jpg,IDRiD_189,right,1.0,estimated_disc_position,idrid_IDRiD_189,False,
idrid,all,/kaggle/input/datasets/deepapaneru/multimodal-dr-datasets/Imagenes/Imagenes/IDRiD_070.jpg,IDRiD_070.jpg,IDRiD_070,left,1.0,estimated_disc_position,idrid_IDRiD_070,False,
idrid,all,/kaggle/input/datasets/deepapaneru/multimodal-dr-datasets/Imagenes/Imagenes/IDRiD_394.jpg,IDRiD_394.jpg,IDRiD_394,left,1.0,estimated_disc_position,idrid_IDRiD_394,False,
idrid,all,/kaggle/input/datasets/deepapaneru/multimodal-dr-datasets/Imagenes/Imagenes/IDRiD_018test.jpg,IDRiD_018test.jpg,IDRiD_018test,left,1.0,estimated_disc_position,idrid_IDRiD_018test,False,
idrid,all,/kaggle/input/datasets/deepapaneru/multimodal-dr-datasets/Imagenes/Imagenes/IDRiD_044.jpg,IDRiD_044.jpg,IDRiD_044,left,1.0,estimated_disc_position,idrid_IDRiD_044,False,
idrid,all,/kaggle/input/datasets/deepapaneru/multimodal-dr-datasets/Imagenes/Imagenes/IDRiD_116.jpg,IDRiD_116.jpg,IDRiD_116,right,0.83,estimated_disc_position,idrid_IDRiD_116,False,
idrid,all,/kaggle/input/datasets/deepapaneru/multimodal-dr-datasets/Imagenes/Imagenes/IDRiD_067.jpg,IDRiD_067.jpg,IDRiD_067,right,0.85,estimated_disc_position,idrid_IDRiD_067,False,
idrid,all,/kaggle/input/datasets/deepapaneru/multimodal-dr-datasets/Imagenes/Imagenes/IDRiD_058.jpg,IDRiD_058.jpg,IDRiD_058,left,0.99,estimated_disc_position,idrid_IDRiD_058,False,
idrid,all,/kaggle/input/datasets/deepapaneru/multimodal-dr-datasets/Imagenes/Imagenes/IDRiD_372.jpg,IDRiD_372.jpg,IDRiD_372,right,0.63,estimated_disc_position,idrid_IDRiD_372,False,
idrid,all,/kaggle/input/datasets/deepapaneru/multimodal-dr-datasets/Imagenes/Imagenes/IDRiD_053.jpg,IDRiD_053.jpg,IDRiD_053,left,1.0,estimated_disc_position,idrid_IDRiD_053,False,
idrid,all,/kaggle/input/datasets/deepapaneru/multimodal-dr-datasets/Imagenes/Imagenes/IDRiD_158.jpg,IDRiD_158.jpg,IDRiD_158,right,1.0,estimated_disc_position,idrid_IDRiD_158,False,
idrid,all,/kaggle/input/datasets/deepapaneru/multimodal-dr-datasets/Imagenes/Imagenes/IDRiD_236.jpg,IDRiD_236.jpg,IDRiD_236,right,1.0,estimated_disc_position,idrid_IDRiD_236,False,
idrid,all,/kaggle/input/datasets/deepapaneru/multimodal-dr-datasets/Imagenes/Imagenes/IDRiD_122.jpg,IDRiD_122.jpg,IDRiD_122,left,1.0,estimated_disc_position,idrid_IDRiD_122,False,
idrid,all,/kaggle/input/datasets/deepapaneru/multimodal-dr-datasets/Imagenes/Imagenes/IDRiD_307.jpg,IDRiD_307.jpg,IDRiD_307,right,0.89,estimated_disc_position,idrid_IDRiD_307,False,
idrid,all,/kaggle/input/datasets/deepapaneru/multimodal-dr-datasets/Imagenes/Imagenes/IDRiD_244.jpg,IDRiD_244.jpg,IDRiD_244,left,0.95,estimated_disc_position,idrid_IDRiD_244,False,
idrid,all,/kaggle/input/datasets/deepapaneru/multimodal-dr-datasets/Imagenes/Imagenes/IDRiD_092.jpg,IDRiD_092.jpg,IDRiD_092,right,0.57,estimated_disc_position,idrid_IDRiD_092,False,
idrid,all,/kaggle/input/datasets/deepapaneru/multimodal-dr-datasets/Imagenes/Imagenes/IDRiD_072.jpg,IDRiD_072.jpg,IDRiD_072,left,1.0,estimated_disc_position,idrid_IDRiD_072,False,
idrid,all,/kaggle/input/datasets/deepapaneru/multimodal-dr-datasets/Imagenes/Imagenes/IDRiD_012test.jpg,IDRiD_012test.jpg,IDRiD_012test,left,1.0,estimated_disc_position,idrid_IDRiD_012test,False,
idrid,all,/kaggle/input/datasets/deepapaneru/multimodal-dr-datasets/Imagenes/Imagenes/IDRiD_337.jpg,IDRiD_337.jpg,IDRiD_337,right,0.36,estimated_disc_position,idrid_IDRiD_337,False,
idrid,all,/kaggle/input/datasets/deepapaneru/multimodal-dr-datasets/Imagenes/Imagenes/IDRiD_057.jpg,IDRiD_057.jpg,IDRiD_057,right,1.0,estimated_disc_position,idrid_IDRiD_057,False,
idrid,all,/kaggle/input/datasets/deepapaneru/multimodal-dr-datasets/Imagenes/Imagenes/IDRiD_182.jpg,IDRiD_182.jpg,IDRiD_182,right,0.78,estimated_disc_position,idrid_IDRiD_182,False,
idrid,all,/kaggle/input/datasets/deepapaneru/multimodal-dr-datasets/Imagenes/Imagenes/IDRiD_024test.jpg,IDRiD_024test.jpg,IDRiD_024test,left,1.0,estimated_disc_position,idrid_IDRiD_024test,False,
idrid,all,/kaggle/input/datasets/deepapaneru/multimodal-dr-datasets/Imagenes/Imagenes/IDRiD_127.jpg,IDRiD_127.jpg,IDRiD_127,left,0.93,estimated_disc_position,idrid_IDRiD_127,False,
idrid,all,/kaggle/input/datasets/deepapaneru/multimodal-dr-datasets/Imagenes/Imagenes/IDRiD_247.jpg,IDRiD_247.jpg,IDRiD_247,right,0.8,estimated_disc_position,idrid_IDRiD_247,False,
idrid,all,/kaggle/input/datasets/deepapaneru/multimodal-dr-datasets/Imagenes/Imagenes/IDRiD_325.jpg,IDRiD_325.jpg,IDRiD_325,right,0.42,estimated_disc_position,idrid_IDRiD_325,False,
idrid,all,/kaggle/input/datasets/deepapaneru/multimodal-dr-datasets/Imagenes/Imagenes/IDRiD_328.jpg,IDRiD_328.jpg,IDRiD_328,left,1.0,estimated_disc_position,idrid_IDRiD_328,False,
idrid,all,/kaggle/input/datasets/deepapaneru/multimodal-dr-datasets/Imagenes/Imagenes/IDRiD_185.jpg,IDRiD_185.jpg,IDRiD_185,right,1.0,estimated_disc_position,idrid_IDRiD_185,False,
idrid,all,/kaggle/input/datasets/deepapaneru/multimodal-dr-datasets/Imagenes/Imagenes/IDRiD_143.jpg,IDRiD_143.jpg,IDRiD_143,left,1.0,estimated_disc_position,idrid_IDRiD_143,False,
idrid,all,/kaggle/input/datasets/deepapaneru/multimodal-dr-datasets/Imagenes/Imagenes/IDRiD_023test.jpg,IDRiD_023test.jpg,IDRiD_023test,left,1.0,estimated_disc_position,idrid_IDRiD_023test,False,
idrid,all,/kaggle/input/datasets/deepapaneru/multimodal-dr-datasets/Imagenes/Imagenes/IDRiD_014test.jpg,IDRiD_014test.jpg,IDRiD_014test,right,0.57,estimated_disc_position,idrid_IDRiD_014test,False,
idrid,all,/kaggle/input/datasets/deepapaneru/multimodal-dr-datasets/Imagenes/Imagenes/IDRiD_106.jpg,IDRiD_106.jpg,IDRiD_106,left,1.0,estimated_disc_position,idrid_IDRiD_106,False,
idrid,all,/kaggle/input/datasets/deepapaneru/multimodal-dr-datasets/Imagenes/Imagenes/IDRiD_016.jpg,IDRiD_016.jpg,IDRiD_016,left,1.0,estimated_disc_position,idrid_IDRiD_016,False,
idrid,all,/kaggle/input/datasets/deepapaneru/multimodal-dr-datasets/Imagenes/Imagenes/IDRiD_091.jpg,IDRiD_091.jpg,IDRiD_091,right,0.95,estimated_disc_position,idrid_IDRiD_091,False,
idrid,all,/kaggle/input/datasets/deepapaneru/multimodal-dr-datasets/Imagenes/Imagenes/IDRiD_370.jpg,IDRiD_370.jpg,IDRiD_370,right,1.0,estimated_disc_position,idrid_IDRiD_370,False,
idrid,all,/kaggle/input/datasets/deepapaneru/multimodal-dr-datasets/Imagenes/Imagenes/IDRiD_298.jpg,IDRiD_298.jpg,IDRiD_298,left,1.0,estimated_disc_position,idrid_IDRiD_298,False,
idrid,all,/kaggle/input/datasets/deepapaneru/multimodal-dr-datasets/Imagenes/Imagenes/IDRiD_223.jpg,IDRiD_223.jpg,IDRiD_223,right,1.0,estimated_disc_position,idrid_IDRiD_223,False,
idrid,all,/kaggle/input/datasets/deepapaneru/multimodal-dr-datasets/Imagenes/Imagenes/IDRiD_344.jpg,IDRiD_344.jpg,IDRiD_344,right,1.0,estimated_disc_position,idrid_IDRiD_344,False,
idrid,all,/kaggle/input/datasets/deepapaneru/multimodal-dr-datasets/Imagenes/Imagenes/IDRiD_004test.jpg,IDRiD_004test.jpg,IDRiD_004test,right,0.91,estimated_disc_position,idrid_IDRiD_004test,False,
idrid,all,/kaggle/input/datasets/deepapaneru/multimodal-dr-datasets/Imagenes/Imagenes/IDRiD_040.jpg,IDRiD_040.jpg,IDRiD_040,left,1.0,estimated_disc_position,idrid_IDRiD_040,False,
idrid,all,/kaggle/input/datasets/deepapaneru/multimodal-dr-datasets/Imagenes/Imagenes/IDRiD_060test.jpg,IDRiD_060test.jpg,IDRiD_060test,left,0.97,estimated_disc_position,idrid_IDRiD_060test,False,
idrid,all,/kaggle/input/datasets/deepapaneru/multimodal-dr-datasets/Imagenes/Imagenes/IDRiD_089test.jpg,IDRiD_089test.jpg,IDRiD_089test,left,0.99,estimated_disc_position,idrid_IDRiD_089test,False,
idrid,all,/kaggle/input/datasets/deepapaneru/multimodal-dr-datasets/Imagenes/Imagenes/IDRiD_412.jpg,IDRiD_412.jpg,IDRiD_412,right,1.0,estimated_disc_position,idrid_IDRiD_412,False,
idrid,all,/kaggle/input/datasets/deepapaneru/multimodal-dr-datasets/Imagenes/Imagenes/IDRiD_305.jpg,IDRiD_305.jpg,IDRiD_305,right,0.76,estimated_disc_position,idrid_IDRiD_305,False,
idrid,all,/kaggle/input/datasets/deepapaneru/multimodal-dr-datasets/Imagenes/Imagenes/IDRiD_004.jpg,IDRiD_004.jpg,IDRiD_004,left,0.76,estimated_disc_position,idrid_IDRiD_004,False,
idrid,all,/kaggle/input/datasets/deepapaneru/multimodal-dr-datasets/Imagenes/Imagenes/IDRiD_227.jpg,IDRiD_227.jpg,IDRiD_227,right,0.89,estimated_disc_position,idrid_IDRiD_227,False,
idrid,all,/kaggle/input/datasets/deepapaneru/multimodal-dr-datasets/Imagenes/Imagenes/IDRiD_221.jpg,IDRiD_221.jpg,IDRiD_221,right,0.93,estimated_disc_position,idrid_IDRiD_221,False,
idrid,all,/kaggle/input/datasets/deepapaneru/multimodal-dr-datasets/Imagenes/Imagenes/IDRiD_292.jpg,IDRiD_292.jpg,IDRiD_292,right,0.85,estimated_disc_position,idrid_IDRiD_292,False,
idrid,all,/kaggle/input/datasets/deepapaneru/multimodal-dr-datasets/Imagenes/Imagenes/IDRiD_137.jpg,IDRiD_137.jpg,IDRiD_137,right,0.95,estimated_disc_position,idrid_IDRiD_137,False,
idrid,all,/kaggle/input/datasets/deepapaneru/multimodal-dr-datasets/Imagenes/Imagenes/IDRiD_186.jpg,IDRiD_186.jpg,IDRiD_186,left,1.0,estimated_disc_position,idrid_IDRiD_186,False,
idrid,all,/kaggle/input/datasets/deepapaneru/multimodal-dr-datasets/Imagenes/Imagenes/IDRiD_063.jpg,IDRiD_063.jpg,IDRiD_063,left,1.0,estimated_disc_position,idrid_IDRiD_063,False,
idrid,all,/kaggle/input/datasets/deepapaneru/multimodal-dr-datasets/Imagenes/Imagenes/IDRiD_035test.jpg,IDRiD_035test.jpg,IDRiD_035test,right,0.95,estimated_disc_position,idrid_IDRiD_035test,False,
idrid,all,/kaggle/input/datasets/deepapaneru/multimodal-dr-datasets/Imagenes/Imagenes/IDRiD_361.jpg,IDRiD_361.jpg,IDRiD_361,left,1.0,estimated_disc_position,idrid_IDRiD_361,False,
idrid,all,/kaggle/input/datasets/deepapaneru/multimodal-dr-datasets/Imagenes/Imagenes/IDRiD_100test.jpg,IDRiD_100test.jpg,IDRiD_100test,left,1.0,estimated_disc_position,idrid_IDRiD_100test,False,
idrid,all,/kaggle/input/datasets/deepapaneru/multimodal-dr-datasets/Imagenes/Imagenes/IDRiD_028test.jpg,IDRiD_028test.jpg,IDRiD_028test,right,1.0,estimated_disc_position,idrid_IDRiD_028test,False,
idrid,all,/kaggle/input/datasets/deepapaneru/multimodal-dr-datasets/Imagenes/Imagenes/IDRiD_139.jpg,IDRiD_139.jpg,IDRiD_139,left,1.0,estimated_disc_position,idrid_IDRiD_139,False,
idrid,all,/kaggle/input/datasets/deepapaneru/multimodal-dr-datasets/Imagenes/Imagenes/IDRiD_096test.jpg,IDRiD_096test.jpg,IDRiD_096test,left,1.0,estimated_disc_position,idrid_IDRiD_096test,False,
idrid,all,/kaggle/input/datasets/deepapaneru/multimodal-dr-datasets/Imagenes/Imagenes/IDRiD_088.jpg,IDRiD_088.jpg,IDRiD_088,left,0.89,estimated_disc_position,idrid_IDRiD_088,False,
idrid,all,/kaggle/input/datasets/deepapaneru/multimodal-dr-datasets/Imagenes/Imagenes/IDRiD_222.jpg,IDRiD_222.jpg,IDRiD_222,left,1.0,estimated_disc_position,idrid_IDRiD_222,False,
idrid,all,/kaggle/input/datasets/deepapaneru/multimodal-dr-datasets/Imagenes/Imagenes/IDRiD_356.jpg,IDRiD_356.jpg,IDRiD_356,left,1.0,estimated_disc_position,idrid_IDRiD_356,False,
idrid,all,/kaggle/input/datasets/deepapaneru/multimodal-dr-datasets/Imagenes/Imagenes/IDRiD_376.jpg,IDRiD_376.jpg,IDRiD_376,right,1.0,estimated_disc_position,idrid_IDRiD_376,False,
idrid,all,/kaggle/input/datasets/deepapaneru/multimodal-dr-datasets/Imagenes/Imagenes/IDRiD_080test.jpg,IDRiD_080test.jpg,IDRiD_080test,left,1.0,estimated_disc_position,idrid_IDRiD_080test,False,
idrid,all,/kaggle/input/datasets/deepapaneru/multimodal-dr-datasets/Imagenes/Imagenes/IDRiD_291.jpg,IDRiD_291.jpg,IDRiD_291,left,1.0,estimated_disc_position,idrid_IDRiD_291,False,
idrid,all,/kaggle/input/datasets/deepapaneru/multimodal-dr-datasets/Imagenes/Imagenes/IDRiD_016test.jpg,IDRiD_016test.jpg,IDRiD_016test,right,1.0,estimated_disc_position,idrid_IDRiD_016test,False,
idrid,all,/kaggle/input/datasets/deepapaneru/multimodal-dr-datasets/Imagenes/Imagenes/IDRiD_079.jpg,IDRiD_079.jpg,IDRiD_079,left,1.0,estimated_disc_position,idrid_IDRiD_079,False,
idrid,all,/kaggle/input/datasets/deepapaneru/multimodal-dr-datasets/Imagenes/Imagenes/IDRiD_018.jpg,IDRiD_018.jpg,IDRiD_018,right,0.87,estimated_disc_position,idrid_IDRiD_018,False,
idrid,all,/kaggle/input/datasets/deepapaneru/multimodal-dr-datasets/Imagenes/Imagenes/IDRiD_084.jpg,IDRiD_084.jpg,IDRiD_084,left,0.91,estimated_disc_position,idrid_IDRiD_084,False,
idrid,all,/kaggle/input/datasets/deepapaneru/multimodal-dr-datasets/Imagenes/Imagenes/IDRiD_082.jpg,IDRiD_082.jpg,IDRiD_082,right,1.0,estimated_disc_position,idrid_IDRiD_082,False,
idrid,all,/kaggle/input/datasets/deepapaneru/multimodal-dr-datasets/Imagenes/Imagenes/IDRiD_033.jpg,IDRiD_033.jpg,IDRiD_033,right,1.0,estimated_disc_position,idrid_IDRiD_033,False,
idrid,all,/kaggle/input/datasets/deepapaneru/multimodal-dr-datasets/Imagenes/Imagenes/IDRiD_086test.jpg,IDRiD_086test.jpg,IDRiD_086test,left,1.0,estimated_disc_position,idrid_IDRiD_086test,False,
idrid,all,/kaggle/input/datasets/deepapaneru/multimodal-dr-datasets/Imagenes/Imagenes/IDRiD_061.jpg,IDRiD_061.jpg,IDRiD_061,right,0.85,estimated_disc_position,idrid_IDRiD_061,False,
idrid,all,/kaggle/input/datasets/deepapaneru/multimodal-dr-datasets/Imagenes/Imagenes/IDRiD_287.jpg,IDRiD_287.jpg,IDRiD_287,right,0.89,estimated_disc_position,idrid_IDRiD_287,False,
idrid,all,/kaggle/input/datasets/deepapaneru/multimodal-dr-datasets/Imagenes/Imagenes/IDRiD_050.jpg,IDRiD_050.jpg,IDRiD_050,left,1.0,estimated_disc_position,idrid_IDRiD_050,False,
idrid,all,/kaggle/input/datasets/deepapaneru/multimodal-dr-datasets/Imagenes/Imagenes/IDRiD_058test.jpg,IDRiD_058test.jpg,IDRiD_058test,right,0.95,estimated_disc_position,idrid_IDRiD_058test,False,
idrid,all,/kaggle/input/datasets/deepapaneru/multimodal-dr-datasets/Imagenes/Imagenes/IDRiD_040test.jpg,IDRiD_040test.jpg,IDRiD_040test,right,0.97,estimated_disc_position,idrid_IDRiD_040test,False,
idrid,all,/kaggle/input/datasets/deepapaneru/multimodal-dr-datasets/Imagenes/Imagenes/IDRiD_078test.jpg,IDRiD_078test.jpg,IDRiD_078test,left,1.0,estimated_disc_position,idrid_IDRiD_078test,False,
idrid,all,/kaggle/input/datasets/deepapaneru/multimodal-dr-datasets/Imagenes/Imagenes/IDRiD_144.jpg,IDRiD_144.jpg,IDRiD_144,left,1.0,estimated_disc_position,idrid_IDRiD_144,False,
idrid,all,/kaggle/input/datasets/deepapaneru/multimodal-dr-datasets/Imagenes/Imagenes/IDRiD_220.jpg,IDRiD_220.jpg,IDRiD_220,left,1.0,estimated_disc_position,idrid_IDRiD_220,False,
idrid,all,/kaggle/input/datasets/deepapaneru/multimodal-dr-datasets/Imagenes/Imagenes/IDRiD_103test.jpg,IDRiD_103test.jpg,IDRiD_103test,right,0.91,estimated_disc_position,idrid_IDRiD_103test,False,
idrid,all,/kaggle/input/datasets/deepapaneru/multimodal-dr-datasets/Imagenes/Imagenes/IDRiD_101.jpg,IDRiD_101.jpg,IDRiD_101,right,0.89,estimated_disc_position,idrid_IDRiD_101,False,
idrid,all,/kaggle/input/datasets/deepapaneru/multimodal-dr-datasets/Imagenes/Imagenes/IDRiD_275.jpg,IDRiD_275.jpg,IDRiD_275,right,0.78,estimated_disc_position,idrid_IDRiD_275,False,
idrid,all,/kaggle/input/datasets/deepapaneru/multimodal-dr-datasets/Imagenes/Imagenes/IDRiD_052.jpg,IDRiD_052.jpg,IDRiD_052,right,1.0,estimated_disc_position,idrid_IDRiD_052,False,
idrid,all,/kaggle/input/datasets/deepapaneru/multimodal-dr-datasets/Imagenes/Imagenes/IDRiD_245.jpg,IDRiD_245.jpg,IDRiD_245,right,0.78,estimated_disc_position,idrid_IDRiD_245,False,
idrid,all,/kaggle/input/datasets/deepapaneru/multimodal-dr-datasets/Imagenes/Imagenes/IDRiD_090.jpg,IDRiD_090.jpg,IDRiD_090,right,0.97,estimated_disc_position,idrid_IDRiD_090,False,
idrid,all,/kaggle/input/datasets/deepapaneru/multimodal-dr-datasets/Imagenes/Imagenes/IDRiD_125.jpg,IDRiD_125.jpg,IDRiD_125,right,1.0,estimated_disc_position,idrid_IDRiD_125,False,
idrid,all,/kaggle/input/datasets/deepapaneru/multimodal-dr-datasets/Imagenes/Imagenes/IDRiD_014.jpg,IDRiD_014.jpg,IDRiD_014,right,1.0,estimated_disc_position,idrid_IDRiD_014,False,
idrid,all,/kaggle/input/datasets/deepapaneru/multimodal-dr-datasets/Imagenes/Imagenes/IDRiD_371.jpg,IDRiD_371.jpg,IDRiD_371,right,1.0,estimated_disc_position,idrid_IDRiD_371,False,
idrid,all,/kaggle/input/datasets/deepapaneru/multimodal-dr-datasets/Imagenes/Imagenes/IDRiD_001test.jpg,IDRiD_001test.jpg,IDRiD_001test,left,1.0,estimated_disc_position,idrid_IDRiD_001test,False,
idrid,all,/kaggle/input/datasets/deepapaneru/multimodal-dr-datasets/Imagenes/Imagenes/IDRiD_022.jpg,IDRiD_022.jpg,IDRiD_022,right,0.42,estimated_disc_position,idrid_IDRiD_022,False,
idrid,all,/kaggle/input/datasets/deepapaneru/multimodal-dr-datasets/Imagenes/Imagenes/IDRiD_315.jpg,IDRiD_315.jpg,IDRiD_315,right,0.97,estimated_disc_position,idrid_IDRiD_315,False,
idrid,all,/kaggle/input/datasets/deepapaneru/multimodal-dr-datasets/Imagenes/Imagenes/IDRiD_278.jpg,IDRiD_278.jpg,IDRiD_278,left,1.0,estimated_disc_position,idrid_IDRiD_278,False,
idrid,all,/kaggle/input/datasets/deepapaneru/multimodal-dr-datasets/Imagenes/Imagenes/IDRiD_237.jpg,IDRiD_237.jpg,IDRiD_237,left,0.78,estimated_disc_position,idrid_IDRiD_237,False,
idrid,all,/kaggle/input/datasets/deepapaneru/multimodal-dr-datasets/Imagenes/Imagenes/IDRiD_053test.jpg,IDRiD_053test.jpg,IDRiD_053test,left,1.0,estimated_disc_position,idrid_IDRiD_053test,False,
idrid,all,/kaggle/input/datasets/deepapaneru/multimodal-dr-datasets/Imagenes/Imagenes/IDRiD_199.jpg,IDRiD_199.jpg,IDRiD_199,left,1.0,estimated_disc_position,idrid_IDRiD_199,False,
idrid,all,/kaggle/input/datasets/deepapaneru/multimodal-dr-datasets/Imagenes/Imagenes/IDRiD_232.jpg,IDRiD_232.jpg,IDRiD_232,left,1.0,estimated_disc_position,idrid_IDRiD_232,False,
idrid,all,/kaggle/input/datasets/deepapaneru/multimodal-dr-datasets/Imagenes/Imagenes/IDRiD_397.jpg,IDRiD_397.jpg,IDRiD_397,right,0.85,estimated_disc_position,idrid_IDRiD_397,False,
idrid,all,/kaggle/input/datasets/deepapaneru/multimodal-dr-datasets/Imagenes/Imagenes/IDRiD_124.jpg,IDRiD_124.jpg,IDRiD_124,right,1.0,estimated_disc_position,idrid_IDRiD_124,False,
idrid,all,/kaggle/input/datasets/deepapaneru/multimodal-dr-datasets/Imagenes/Imagenes/IDRiD_326.jpg,IDRiD_326.jpg,IDRiD_326,right,0.34,estimated_disc_position,idrid_IDRiD_326,True,
idrid,all,/kaggle/input/datasets/deepapaneru/multimodal-dr-datasets/Imagenes/Imagenes/IDRiD_008.jpg,IDRiD_008.jpg,IDRiD_008,left,1.0,estimated_disc_position,idrid_IDRiD_008,False,
idrid,all,/kaggle/input/datasets/deepapaneru/multimodal-dr-datasets/Imagenes/Imagenes/IDRiD_253.jpg,IDRiD_253.jpg,IDRiD_253,right,0.59,estimated_disc_position,idrid_IDRiD_253,False,
idrid,all,/kaggle/input/datasets/deepapaneru/multimodal-dr-datasets/Imagenes/Imagenes/IDRiD_362.jpg,IDRiD_362.jpg,IDRiD_362,right,0.93,estimated_disc_position,idrid_IDRiD_362,False,
idrid,all,/kaggle/input/datasets/deepapaneru/multimodal-dr-datasets/Imagenes/Imagenes/IDRiD_136.jpg,IDRiD_136.jpg,IDRiD_136,right,1.0,estimated_disc_position,idrid_IDRiD_136,False,
idrid,all,/kaggle/input/datasets/deepapaneru/multimodal-dr-datasets/Imagenes/Imagenes/IDRiD_134.jpg,IDRiD_134.jpg,IDRiD_134,left,1.0,estimated_disc_position,idrid_IDRiD_134,False,
idrid,all,/kaggle/input/datasets/deepapaneru/multimodal-dr-datasets/Imagenes/Imagenes/IDRiD_313.jpg,IDRiD_313.jpg,IDRiD_313,right,1.0,estimated_disc_position,idrid_IDRiD_313,False,
idrid,all,/kaggle/input/datasets/deepapaneru/multimodal-dr-datasets/Imagenes/Imagenes/IDRiD_060.jpg,IDRiD_060.jpg,IDRiD_060,left,1.0,estimated_disc_position,idrid_IDRiD_060,False,
idrid,all,/kaggle/input/datasets/deepapaneru/multimodal-dr-datasets/Imagenes/Imagenes/IDRiD_062.jpg,IDRiD_062.jpg,IDRiD_062,right,0.83,estimated_disc_position,idrid_IDRiD_062,False,
idrid,all,/kaggle/input/datasets/deepapaneru/multimodal-dr-datasets/Imagenes/Imagenes/IDRiD_358.jpg,IDRiD_358.jpg,IDRiD_358,right,1.0,estimated_disc_position,idrid_IDRiD_358,False,
idrid,all,/kaggle/input/datasets/deepapaneru/multimodal-dr-datasets/Imagenes/Imagenes/IDRiD_301.jpg,IDRiD_301.jpg,IDRiD_301,right,0.97,estimated_disc_position,idrid_IDRiD_301,False,
idrid,all,/kaggle/input/datasets/deepapaneru/multimodal-dr-datasets/Imagenes/Imagenes/IDRiD_011.jpg,IDRiD_011.jpg,IDRiD_011,left,1.0,estimated_disc_position,idrid_IDRiD_011,False,
idrid,all,/kaggle/input/datasets/deepapaneru/multimodal-dr-datasets/Imagenes/Imagenes/IDRiD_087test.jpg,IDRiD_087test.jpg,IDRiD_087test,right,1.0,estimated_disc_position,idrid_IDRiD_087test,False,
idrid,all,/kaggle/input/datasets/deepapaneru/multimodal-dr-datasets/Imagenes/Imagenes/IDRiD_023.jpg,IDRiD_023.jpg,IDRiD_023,right,1.0,estimated_disc_position,idrid_IDRiD_023,False,
idrid,all,/kaggle/input/datasets/deepapaneru/multimodal-dr-datasets/Imagenes/Imagenes/IDRiD_049test.jpg,IDRiD_049test.jpg,IDRiD_049test,right,1.0,estimated_disc_position,idrid_IDRiD_049test,False,
idrid,all,/kaggle/input/datasets/deepapaneru/multimodal-dr-datasets/Imagenes/Imagenes/IDRiD_215.jpg,IDRiD_215.jpg,IDRiD_215,right,0.93,estimated_disc_position,idrid_IDRiD_215,False,
idrid,all,/kaggle/input/datasets/deepapaneru/multimodal-dr-datasets/Imagenes/Imagenes/IDRiD_389.jpg,IDRiD_389.jpg,IDRiD_389,left,1.0,estimated_disc_position,idrid_IDRiD_389,False,
idrid,all,/kaggle/input/datasets/deepapaneru/multimodal-dr-datasets/Imagenes/Imagenes/IDRiD_308.jpg,IDRiD_308.jpg,IDRiD_308,right,0.96,estimated_disc_position,idrid_IDRiD_308,False,
idrid,all,/kaggle/input/datasets/deepapaneru/multimodal-dr-datasets/Imagenes/Imagenes/IDRiD_234.jpg,IDRiD_234.jpg,IDRiD_234,left,1.0,estimated_disc_position,idrid_IDRiD_234,False,
idrid,all,/kaggle/input/datasets/deepapaneru/multimodal-dr-datasets/Imagenes/Imagenes/IDRiD_238.jpg,IDRiD_238.jpg,IDRiD_238,left,1.0,estimated_disc_position,idrid_IDRiD_238,False,
idrid,all,/kaggle/input/datasets/deepapaneru/multimodal-dr-datasets/Imagenes/Imagenes/IDRiD_118.jpg,IDRiD_118.jpg,IDRiD_118,right,0.85,estimated_disc_position,idrid_IDRiD_118,False,
idrid,all,/kaggle/input/datasets/deepapaneru/multimodal-dr-datasets/Imagenes/Imagenes/IDRiD_404.jpg,IDRiD_404.jpg,IDRiD_404,right,0.95,estimated_disc_position,idrid_IDRiD_404,False,
idrid,all,/kaggle/input/datasets/deepapaneru/multimodal-dr-datasets/Imagenes/Imagenes/IDRiD_026.jpg,IDRiD_026.jpg,IDRiD_026,left,1.0,estimated_disc_position,idrid_IDRiD_026,False,
idrid,all,/kaggle/input/datasets/deepapaneru/multimodal-dr-datasets/Imagenes/Imagenes/IDRiD_093.jpg,IDRiD_093.jpg,IDRiD_093,left,1.0,estimated_disc_position,idrid_IDRiD_093,False,
idrid,all,/kaggle/input/datasets/deepapaneru/multimodal-dr-datasets/Imagenes/Imagenes/IDRiD_364.jpg,IDRiD_364.jpg,IDRiD_364,left,1.0,estimated_disc_position,idrid_IDRiD_364,False,
idrid,all,/kaggle/input/datasets/deepapaneru/multimodal-dr-datasets/Imagenes/Imagenes/IDRiD_363.jpg,IDRiD_363.jpg,IDRiD_363,right,0.7,estimated_disc_position,idrid_IDRiD_363,False,
idrid,all,/kaggle/input/datasets/deepapaneru/multimodal-dr-datasets/Imagenes/Imagenes/IDRiD_324.jpg,IDRiD_324.jpg,IDRiD_324,left,1.0,estimated_disc_position,idrid_IDRiD_324,False,
idrid,all,/kaggle/input/datasets/deepapaneru/multimodal-dr-datasets/Imagenes/Imagenes/IDRiD_083.jpg,IDRiD_083.jpg,IDRiD_083,left,1.0,estimated_disc_position,idrid_IDRiD_083,False,
idrid,all,/kaggle/input/datasets/deepapaneru/multimodal-dr-datasets/Imagenes/Imagenes/IDRiD_077.jpg,IDRiD_077.jpg,IDRiD_077,uncertain,0.26,estimated_disc_position,idrid_IDRiD_077,True,
idrid,all,/kaggle/input/datasets/deepapaneru/multimodal-dr-datasets/Imagenes/Imagenes/IDRiD_266.jpg,IDRiD_266.jpg,IDRiD_266,left,1.0,estimated_disc_position,idrid_IDRiD_266,False,
idrid,all,/kaggle/input/datasets/deepapaneru/multimodal-dr-datasets/Imagenes/Imagenes/IDRiD_406.jpg,IDRiD_406.jpg,IDRiD_406,right,0.95,estimated_disc_position,idrid_IDRiD_406,False,
idrid,all,/kaggle/input/datasets/deepapaneru/multimodal-dr-datasets/Imagenes/Imagenes/IDRiD_295.jpg,IDRiD_295.jpg,IDRiD_295,left,1.0,estimated_disc_position,idrid_IDRiD_295,False,
idrid,all,/kaggle/input/datasets/deepapaneru/multimodal-dr-datasets/Imagenes/Imagenes/IDRiD_005.jpg,IDRiD_005.jpg,IDRiD_005,left,1.0,estimated_disc_position,idrid_IDRiD_005,False,
idrid,all,/kaggle/input/datasets/deepapaneru/multimodal-dr-datasets/Imagenes/Imagenes/IDRiD_206.jpg,IDRiD_206.jpg,IDRiD_206,left,0.76,estimated_disc_position,idrid_IDRiD_206,False,
idrid,all,/kaggle/input/datasets/deepapaneru/multimodal-dr-datasets/Imagenes/Imagenes/IDRiD_044test.jpg,IDRiD_044test.jpg,IDRiD_044test,left,1.0,estimated_disc_position,idrid_IDRiD_044test,False,
idrid,all,/kaggle/input/datasets/deepapaneru/multimodal-dr-datasets/Imagenes/Imagenes/IDRiD_343.jpg,IDRiD_343.jpg,IDRiD_343,left,1.0,estimated_disc_position,idrid_IDRiD_343,False,
idrid,all,/kaggle/input/datasets/deepapaneru/multimodal-dr-datasets/Imagenes/Imagenes/IDRiD_388.jpg,IDRiD_388.jpg,IDRiD_388,right,1.0,estimated_disc_position,idrid_IDRiD_388,False,
idrid,all,/kaggle/input/datasets/deepapaneru/multimodal-dr-datasets/Imagenes/Imagenes/IDRiD_129.jpg,IDRiD_129.jpg,IDRiD_129,right,0.8,estimated_disc_position,idrid_IDRiD_129,False,
idrid,all,/kaggle/input/datasets/deepapaneru/multimodal-dr-datasets/Imagenes/Imagenes/IDRiD_175.jpg,IDRiD_175.jpg,IDRiD_175,right,1.0,estimated_disc_position,idrid_IDRiD_175,False,
idrid,all,/kaggle/input/datasets/deepapaneru/multimodal-dr-datasets/Imagenes/Imagenes/IDRiD_010.jpg,IDRiD_010.jpg,IDRiD_010,right,0.57,estimated_disc_position,idrid_IDRiD_010,False,
idrid,all,/kaggle/input/datasets/deepapaneru/multimodal-dr-datasets/Imagenes/Imagenes/IDRiD_005test.jpg,IDRiD_005test.jpg,IDRiD_005test,right,1.0,estimated_disc_position,idrid_IDRiD_005test,False,
idrid,all,/kaggle/input/datasets/deepapaneru/multimodal-dr-datasets/Imagenes/Imagenes/IDRiD_306.jpg,IDRiD_306.jpg,IDRiD_306,right,0.99,estimated_disc_position,idrid_IDRiD_306,False,
idrid,all,/kaggle/input/datasets/deepapaneru/multimodal-dr-datasets/Imagenes/Imagenes/IDRiD_210.jpg,IDRiD_210.jpg,IDRiD_210,right,1.0,estimated_disc_position,idrid_IDRiD_210,False,
idrid,all,/kaggle/input/datasets/deepapaneru/multimodal-dr-datasets/Imagenes/Imagenes/IDRiD_272.jpg,IDRiD_272.jpg,IDRiD_272,left,1.0,estimated_disc_position,idrid_IDRiD_272,False,
idrid,all,/kaggle/input/datasets/deepapaneru/multimodal-dr-datasets/Imagenes/Imagenes/IDRiD_257.jpg,IDRiD_257.jpg,IDRiD_257,right,1.0,estimated_disc_position,idrid_IDRiD_257,False,
idrid,all,/kaggle/input/datasets/deepapaneru/multimodal-dr-datasets/Imagenes/Imagenes/IDRiD_200.jpg,IDRiD_200.jpg,IDRiD_200,left,0.99,estimated_disc_position,idrid_IDRiD_200,False,
idrid,all,/kaggle/input/datasets/deepapaneru/multimodal-dr-datasets/Imagenes/Imagenes/IDRiD_103.jpg,IDRiD_103.jpg,IDRiD_103,right,1.0,estimated_disc_position,idrid_IDRiD_103,False,
idrid,all,/kaggle/input/datasets/deepapaneru/multimodal-dr-datasets/Imagenes/Imagenes/IDRiD_209.jpg,IDRiD_209.jpg,IDRiD_209,left,1.0,estimated_disc_position,idrid_IDRiD_209,False,
idrid,all,/kaggle/input/datasets/deepapaneru/multimodal-dr-datasets/Imagenes/Imagenes/IDRiD_087.jpg,IDRiD_087.jpg,IDRiD_087,right,0.93,estimated_disc_position,idrid_IDRiD_087,False,
idrid,all,/kaggle/input/datasets/deepapaneru/multimodal-dr-datasets/Imagenes/Imagenes/IDRiD_057test.jpg,IDRiD_057test.jpg,IDRiD_057test,left,1.0,estimated_disc_position,idrid_IDRiD_057test,False,
idrid,all,/kaggle/input/datasets/deepapaneru/multimodal-dr-datasets/Imagenes/Imagenes/IDRiD_311.jpg,IDRiD_311.jpg,IDRiD_311,left,1.0,estimated_disc_position,idrid_IDRiD_311,False,
idrid,all,/kaggle/input/datasets/deepapaneru/multimodal-dr-datasets/Imagenes/Imagenes/IDRiD_281.jpg,IDRiD_281.jpg,IDRiD_281,left,1.0,estimated_disc_position,idrid_IDRiD_281,False,
idrid,all,/kaggle/input/datasets/deepapaneru/multimodal-dr-datasets/Imagenes/Imagenes/IDRiD_228.jpg,IDRiD_228.jpg,IDRiD_228,left,0.97,estimated_disc_position,idrid_IDRiD_228,False,
idrid,all,/kaggle/input/datasets/deepapaneru/multimodal-dr-datasets/Imagenes/Imagenes/IDRiD_030test.jpg,IDRiD_030test.jpg,IDRiD_030test,left,1.0,estimated_disc_position,idrid_IDRiD_030test,False,
idrid,all,/kaggle/input/datasets/deepapaneru/multimodal-dr-datasets/Imagenes/Imagenes/IDRiD_102test.jpg,IDRiD_102test.jpg,IDRiD_102test,uncertain,0.32,estimated_disc_position,idrid_IDRiD_102test,True,
idrid,all,/kaggle/input/datasets/deepapaneru/multimodal-dr-datasets/Imagenes/Imagenes/IDRiD_025.jpg,IDRiD_025.jpg,IDRiD_025,right,1.0,estimated_disc_position,idrid_IDRiD_025,False,
idrid,all,/kaggle/input/datasets/deepapaneru/multimodal-dr-datasets/Imagenes/Imagenes/IDRiD_029test.jpg,IDRiD_029test.jpg,IDRiD_029test,left,1.0,estimated_disc_position,idrid_IDRiD_029test,False,
idrid,all,/kaggle/input/datasets/deepapaneru/multimodal-dr-datasets/Imagenes/Imagenes/IDRiD_187.jpg,IDRiD_187.jpg,IDRiD_187,right,1.0,estimated_disc_position,idrid_IDRiD_187,False,
idrid,all,/kaggle/input/datasets/deepapaneru/multimodal-dr-datasets/Imagenes/Imagenes/IDRiD_348.jpg,IDRiD_348.jpg,IDRiD_348,left,1.0,estimated_disc_position,idrid_IDRiD_348,False,
idrid,all,/kaggle/input/datasets/deepapaneru/multimodal-dr-datasets/Imagenes/Imagenes/IDRiD_349.jpg,IDRiD_349.jpg,IDRiD_349,left,1.0,estimated_disc_position,idrid_IDRiD_349,False,
idrid,all,/kaggle/input/datasets/deepapaneru/multimodal-dr-datasets/Imagenes/Imagenes/IDRiD_089.jpg,IDRiD_089.jpg,IDRiD_089,left,1.0,estimated_disc_position,idrid_IDRiD_089,False,
idrid,all,/kaggle/input/datasets/deepapaneru/multimodal-dr-datasets/Imagenes/Imagenes/IDRiD_230.jpg,IDRiD_230.jpg,IDRiD_230,left,1.0,estimated_disc_position,idrid_IDRiD_230,False,
idrid,all,/kaggle/input/datasets/deepapaneru/multimodal-dr-datasets/Imagenes/Imagenes/IDRiD_001.jpg,IDRiD_001.jpg,IDRiD_001,right,0.87,estimated_disc_position,idrid_IDRiD_001,False,
idrid,all,/kaggle/input/datasets/deepapaneru/multimodal-dr-datasets/Imagenes/Imagenes/IDRiD_191.jpg,IDRiD_191.jpg,IDRiD_191,right,0.97,estimated_disc_position,idrid_IDRiD_191,False,
idrid,all,/kaggle/input/datasets/deepapaneru/multimodal-dr-datasets/Imagenes/Imagenes/IDRiD_152.jpg,IDRiD_152.jpg,IDRiD_152,right,1.0,estimated_disc_position,idrid_IDRiD_152,False,
idrid,all,/kaggle/input/datasets/deepapaneru/multimodal-dr-datasets/Imagenes/Imagenes/IDRiD_402.jpg,IDRiD_402.jpg,IDRiD_402,left,1.0,estimated_disc_position,idrid_IDRiD_402,False,
idrid,all,/kaggle/input/datasets/deepapaneru/multimodal-dr-datasets/Imagenes/Imagenes/IDRiD_342.jpg,IDRiD_342.jpg,IDRiD_342,right,0.83,estimated_disc_position,idrid_IDRiD_342,False,
idrid,all,/kaggle/input/datasets/deepapaneru/multimodal-dr-datasets/Imagenes/Imagenes/IDRiD_197.jpg,IDRiD_197.jpg,IDRiD_197,uncertain,0.21,estimated_disc_position,idrid_IDRiD_197,True,
idrid,all,/kaggle/input/datasets/deepapaneru/multimodal-dr-datasets/Imagenes/Imagenes/IDRiD_066test.jpg,IDRiD_066test.jpg,IDRiD_066test,left,1.0,estimated_disc_position,idrid_IDRiD_066test,False,
idrid,all,/kaggle/input/datasets/deepapaneru/multimodal-dr-datasets/Imagenes/Imagenes/IDRiD_327.jpg,IDRiD_327.jpg,IDRiD_327,left,1.0,estimated_disc_position,idrid_IDRiD_327,False,
idrid,all,/kaggle/input/datasets/deepapaneru/multimodal-dr-datasets/Imagenes/Imagenes/IDRiD_271.jpg,IDRiD_271.jpg,IDRiD_271,right,1.0,estimated_disc_position,idrid_IDRiD_271,False,
idrid,all,/kaggle/input/datasets/deepapaneru/multimodal-dr-datasets/Imagenes/Imagenes/IDRiD_065.jpg,IDRiD_065.jpg,IDRiD_065,right,1.0,estimated_disc_position,idrid_IDRiD_065,False,
idrid,all,/kaggle/input/datasets/deepapaneru/multimodal-dr-datasets/Imagenes/Imagenes/IDRiD_365.jpg,IDRiD_365.jpg,IDRiD_365,left,1.0,estimated_disc_position,idrid_IDRiD_365,False,
idrid,all,/kaggle/input/datasets/deepapaneru/multimodal-dr-datasets/Imagenes/Imagenes/IDRiD_270.jpg,IDRiD_270.jpg,IDRiD_270,left,1.0,estimated_disc_position,idrid_IDRiD_270,False,
idrid,all,/kaggle/input/datasets/deepapaneru/multimodal-dr-datasets/Imagenes/Imagenes/IDRiD_375.jpg,IDRiD_375.jpg,IDRiD_375,left,1.0,estimated_disc_position,idrid_IDRiD_375,False,
idrid,all,/kaggle/input/datasets/deepapaneru/multimodal-dr-datasets/Imagenes/Imagenes/IDRiD_079test.jpg,IDRiD_079test.jpg,IDRiD_079test,left,1.0,estimated_disc_position,idrid_IDRiD_079test,False,
idrid,all,/kaggle/input/datasets/deepapaneru/multimodal-dr-datasets/Imagenes/Imagenes/IDRiD_393.jpg,IDRiD_393.jpg,IDRiD_393,right,0.38,estimated_disc_position,idrid_IDRiD_393,False,
idrid,all,/kaggle/input/datasets/deepapaneru/multimodal-dr-datasets/Imagenes/Imagenes/IDRiD_403.jpg,IDRiD_403.jpg,IDRiD_403,right,0.78,estimated_disc_position,idrid_IDRiD_403,False,
idrid,all,/kaggle/input/datasets/deepapaneru/multimodal-dr-datasets/Imagenes/Imagenes/IDRiD_027test.jpg,IDRiD_027test.jpg,IDRiD_027test,right,1.0,estimated_disc_position,idrid_IDRiD_027test,False,
idrid,all,/kaggle/input/datasets/deepapaneru/multimodal-dr-datasets/Imagenes/Imagenes/IDRiD_113.jpg,IDRiD_113.jpg,IDRiD_113,left,1.0,estimated_disc_position,idrid_IDRiD_113,False,
idrid,all,/kaggle/input/datasets/deepapaneru/multimodal-dr-datasets/Imagenes/Imagenes/IDRiD_042test.jpg,IDRiD_042test.jpg,IDRiD_042test,right,0.99,estimated_disc_position,idrid_IDRiD_042test,False,
idrid,all,/kaggle/input/datasets/deepapaneru/multimodal-dr-datasets/Imagenes/Imagenes/IDRiD_353.jpg,IDRiD_353.jpg,IDRiD_353,left,1.0,estimated_disc_position,idrid_IDRiD_353,False,
idrid,all,/kaggle/input/datasets/deepapaneru/multimodal-dr-datasets/Imagenes/Imagenes/IDRiD_055test.jpg,IDRiD_055test.jpg,IDRiD_055test,left,1.0,estimated_disc_position,idrid_IDRiD_055test,False,
idrid,all,/kaggle/input/datasets/deepapaneru/multimodal-dr-datasets/Imagenes/Imagenes/IDRiD_096.jpg,IDRiD_096.jpg,IDRiD_096,left,1.0,estimated_disc_position,idrid_IDRiD_096,False,
idrid,all,/kaggle/input/datasets/deepapaneru/multimodal-dr-datasets/Imagenes/Imagenes/IDRiD_366.jpg,IDRiD_366.jpg,IDRiD_366,left,1.0,estimated_disc_position,idrid_IDRiD_366,False,
idrid,all,/kaggle/input/datasets/deepapaneru/multimodal-dr-datasets/Imagenes/Imagenes/IDRiD_226.jpg,IDRiD_226.jpg,IDRiD_226,left,1.0,estimated_disc_position,idrid_IDRiD_226,False,
idrid,all,/kaggle/input/datasets/deepapaneru/multimodal-dr-datasets/Imagenes/Imagenes/IDRiD_081.jpg,IDRiD_081.jpg,IDRiD_081,right,0.63,estimated_disc_position,idrid_IDRiD_081,False,
idrid,all,/kaggle/input/datasets/deepapaneru/multimodal-dr-datasets/Imagenes/Imagenes/IDRiD_074.jpg,IDRiD_074.jpg,IDRiD_074,right,1.0,estimated_disc_position,idrid_IDRiD_074,False,
idrid,all,/kaggle/input/datasets/deepapaneru/multimodal-dr-datasets/Imagenes/Imagenes/IDRiD_338.jpg,IDRiD_338.jpg,IDRiD_338,right,0.87,estimated_disc_position,idrid_IDRiD_338,False,
idrid,all,/kaggle/input/datasets/deepapaneru/multimodal-dr-datasets/Imagenes/Imagenes/IDRiD_156.jpg,IDRiD_156.jpg,IDRiD_156,left,1.0,estimated_disc_position,idrid_IDRiD_156,False,
idrid,all,/kaggle/input/datasets/deepapaneru/multimodal-dr-datasets/Imagenes/Imagenes/IDRiD_114.jpg,IDRiD_114.jpg,IDRiD_114,left,0.95,estimated_disc_position,idrid_IDRiD_114,False,
idrid,all,/kaggle/input/datasets/deepapaneru/multimodal-dr-datasets/Imagenes/Imagenes/IDRiD_047.jpg,IDRiD_047.jpg,IDRiD_047,right,0.97,estimated_disc_position,idrid_IDRiD_047,False,
idrid,all,/kaggle/input/datasets/deepapaneru/multimodal-dr-datasets/Imagenes/Imagenes/IDRiD_250.jpg,IDRiD_250.jpg,IDRiD_250,left,1.0,estimated_disc_position,idrid_IDRiD_250,False,
idrid,all,/kaggle/input/datasets/deepapaneru/multimodal-dr-datasets/Imagenes/Imagenes/IDRiD_225.jpg,IDRiD_225.jpg,IDRiD_225,left,0.95,estimated_disc_position,idrid_IDRiD_225,False,
idrid,all,/kaggle/input/datasets/deepapaneru/multimodal-dr-datasets/Imagenes/Imagenes/IDRiD_160.jpg,IDRiD_160.jpg,IDRiD_160,right,0.49,estimated_disc_position,idrid_IDRiD_160,False,
idrid,all,/kaggle/input/datasets/deepapaneru/multimodal-dr-datasets/Imagenes/Imagenes/IDRiD_320.jpg,IDRiD_320.jpg,IDRiD_320,left,1.0,estimated_disc_position,idrid_IDRiD_320,False,
idrid,all,/kaggle/input/datasets/deepapaneru/multimodal-dr-datasets/Imagenes/Imagenes/IDRiD_332.jpg,IDRiD_332.jpg,IDRiD_332,right,1.0,estimated_disc_position,idrid_IDRiD_332,False,
idrid,all,/kaggle/input/datasets/deepapaneru/multimodal-dr-datasets/Imagenes/Imagenes/IDRiD_013.jpg,IDRiD_013.jpg,IDRiD_013,right,0.81,estimated_disc_position,idrid_IDRiD_013,False,
idrid,all,/kaggle/input/datasets/deepapaneru/multimodal-dr-datasets/Imagenes/Imagenes/IDRiD_246.jpg,IDRiD_246.jpg,IDRiD_246,left,1.0,estimated_disc_position,idrid_IDRiD_246,False,
idrid,all,/kaggle/input/datasets/deepapaneru/multimodal-dr-datasets/Imagenes/Imagenes/IDRiD_046.jpg,IDRiD_046.jpg,IDRiD_046,right,1.0,estimated_disc_position,idrid_IDRiD_046,False,
idrid,all,/kaggle/input/datasets/deepapaneru/multimodal-dr-datasets/Imagenes/Imagenes/IDRiD_133.jpg,IDRiD_133.jpg,IDRiD_133,left,1.0,estimated_disc_position,idrid_IDRiD_133,False,
idrid,all,/kaggle/input/datasets/deepapaneru/multimodal-dr-datasets/Imagenes/Imagenes/IDRiD_331.jpg,IDRiD_331.jpg,IDRiD_331,left,1.0,estimated_disc_position,idrid_IDRiD_331,False,
idrid,all,/kaggle/input/datasets/deepapaneru/multimodal-dr-datasets/Imagenes/Imagenes/IDRiD_188.jpg,IDRiD_188.jpg,IDRiD_188,right,0.93,estimated_disc_position,idrid_IDRiD_188,False,
idrid,all,/kaggle/input/datasets/deepapaneru/multimodal-dr-datasets/Imagenes/Imagenes/IDRiD_268.jpg,IDRiD_268.jpg,IDRiD_268,left,0.85,estimated_disc_position,idrid_IDRiD_268,False,
idrid,all,/kaggle/input/datasets/deepapaneru/multimodal-dr-datasets/Imagenes/Imagenes/IDRiD_273.jpg,IDRiD_273.jpg,IDRiD_273,right,0.87,estimated_disc_position,idrid_IDRiD_273,False,
idrid,all,/kaggle/input/datasets/deepapaneru/multimodal-dr-datasets/Imagenes/Imagenes/IDRiD_211.jpg,IDRiD_211.jpg,IDRiD_211,left,1.0,estimated_disc_position,idrid_IDRiD_211,False,
idrid,all,/kaggle/input/datasets/deepapaneru/multimodal-dr-datasets/Imagenes/Imagenes/IDRiD_357.jpg,IDRiD_357.jpg,IDRiD_357,right,1.0,estimated_disc_position,idrid_IDRiD_357,False,
idrid,all,/kaggle/input/datasets/deepapaneru/multimodal-dr-datasets/Imagenes/Imagenes/IDRiD_015test.jpg,IDRiD_015test.jpg,IDRiD_015test,right,1.0,estimated_disc_position,idrid_IDRiD_015test,False,
idrid,all,/kaggle/input/datasets/deepapaneru/multimodal-dr-datasets/Imagenes/Imagenes/IDRiD_011test.jpg,IDRiD_011test.jpg,IDRiD_011test,left,1.0,estimated_disc_position,idrid_IDRiD_011test,False,
idrid,all,/kaggle/input/datasets/deepapaneru/multimodal-dr-datasets/Imagenes/Imagenes/IDRiD_061test.jpg,IDRiD_061test.jpg,IDRiD_061test,right,1.0,estimated_disc_position,idrid_IDRiD_061test,False,
idrid,all,/kaggle/input/datasets/deepapaneru/multimodal-dr-datasets/Imagenes/Imagenes/IDRiD_115.jpg,IDRiD_115.jpg,IDRiD_115,uncertain,0.3,estimated_disc_position,idrid_IDRiD_115,True,
idrid,all,/kaggle/input/datasets/deepapaneru/multimodal-dr-datasets/Imagenes/Imagenes/IDRiD_037test.jpg,IDRiD_037test.jpg,IDRiD_037test,right,0.97,estimated_disc_position,idrid_IDRiD_037test,False,
idrid,all,/kaggle/input/datasets/deepapaneru/multimodal-dr-datasets/Imagenes/Imagenes/IDRiD_059test.jpg,IDRiD_059test.jpg,IDRiD_059test,left,1.0,estimated_disc_position,idrid_IDRiD_059test,False,
idrid,all,/kaggle/input/datasets/deepapaneru/multimodal-dr-datasets/Imagenes/Imagenes/IDRiD_396.jpg,IDRiD_396.jpg,IDRiD_396,left,1.0,estimated_disc_position,idrid_IDRiD_396,False,
idrid,all,/kaggle/input/datasets/deepapaneru/multimodal-dr-datasets/Imagenes/Imagenes/IDRiD_229.jpg,IDRiD_229.jpg,IDRiD_229,left,1.0,estimated_disc_position,idrid_IDRiD_229,False,
idrid,all,/kaggle/input/datasets/deepapaneru/multimodal-dr-datasets/Imagenes/Imagenes/IDRiD_100.jpg,IDRiD_100.jpg,IDRiD_100,right,1.0,estimated_disc_position,idrid_IDRiD_100,False,
