epoch,train_loss,val_qwk
1,2.1184718543714514,0.6216322597282735
2,1.6071671951012534,0.824272372184575
3,1.3287211311319487,0.8612668603211061
4,1.261463137923694,0.8978375449485247
5,1.2134018292843969,0.8858925589745521
6,1.2048343890677384,0.9030560404345673
7,1.1847403966338257,0.8743045538841954
8,1.1224728308088792,0.8421016301784339
9,1.0839982806333428,0.9067150725466548
10,1.0427619796958778,0.8636035776110791
11,1.0165767702248578,0.9066656795241973
12,0.9613710455392879,0.8691091154732575
13,0.9569358978766561,0.8829829130407165
14,0.9173853073289485,0.8942397267363627
